band_key,section,row,az,eye_elev_navd88,canopy_sil_leafoff_deg,canopy_sil_leafon_deg,leaf_state_measured,leaf_on_is
east r1,east,1,318.0,614.8,0.357,2.027,leaf-off (2015-05-02),assumption (crown-opacity closing; heights not raised)
east r1,east,1,320.0,614.8,1.686,1.686,leaf-off (2015-05-02),assumption (crown-opacity closing; heights not raised)
east r1,east,1,322.0,614.8,0.607,0.919,leaf-off (2015-05-02),assumption (crown-opacity closing; heights not raised)
east r1,east,1,324.0,614.8,0.323,0.334,leaf-off (2015-05-02),assumption (crown-opacity closing; heights not raised)
east r1,east,1,326.0,614.8,3.144,3.144,leaf-off (2015-05-02),assumption (crown-opacity closing; heights not raised)
east r1,east,1,328.0,614.8,5.591,5.591,leaf-off (2015-05-02),assumption (crown-opacity closing; heights not raised)
east r1,east,1,330.0,614.8,8.104,8.104,leaf-off (2015-05-02),assumption (crown-opacity closing; heights not raised)
east r1,east,1,332.0,614.8,8.082,8.082,leaf-off (2015-05-02),assumption (crown-opacity closing; heights not raised)
east r1,east,1,334.0,614.8,7.428,7.428,leaf-off (2015-05-02),assumption (crown-opacity closing; heights not raised)
east r1,east,1,336.0,614.8,7.515,7.515,leaf-off (2015-05-02),assumption (crown-opacity closing; heights not raised)
east r1,east,1,338.0,614.8,7.666,7.666,leaf-off (2015-05-02),assumption (crown-opacity closing; heights not raised)
east r1,east,1,340.0,614.8,6.87,7.009,leaf-off (2015-05-02),assumption (crown-opacity closing; heights not raised)
east r1,east,1,342.0,614.8,6.299,7.021,leaf-off (2015-05-02),assumption (crown-opacity closing; heights not raised)
east r2,east,2,318.0,615.8,0.641,0.641,leaf-off (2015-05-02),assumption (crown-opacity closing; heights not raised)
east r2,east,2,320.0,615.8,1.679,1.679,leaf-off (2015-05-02),assumption (crown-opacity closing; heights not raised)
east r2,east,2,322.0,615.8,0.059,0.059,leaf-off (2015-05-02),assumption (crown-opacity closing; heights not raised)
east r2,east,2,324.0,615.8,0.541,0.541,leaf-off (2015-05-02),assumption (crown-opacity closing; heights not raised)
east r2,east,2,326.0,615.8,3.128,3.128,leaf-off (2015-05-02),assumption (crown-opacity closing; heights not raised)
east r2,east,2,328.0,615.8,7.336,7.336,leaf-off (2015-05-02),assumption (crown-opacity closing; heights not raised)
east r2,east,2,330.0,615.8,7.736,7.736,leaf-off (2015-05-02),assumption (crown-opacity closing; heights not raised)
east r2,east,2,332.0,615.8,6.721,7.049,leaf-off (2015-05-02),assumption (crown-opacity closing; heights not raised)
east r2,east,2,334.0,615.8,6.817,6.817,leaf-off (2015-05-02),assumption (crown-opacity closing; heights not raised)
east r2,east,2,336.0,615.8,7.453,7.453,leaf-off (2015-05-02),assumption (crown-opacity closing; heights not raised)
east r2,east,2,338.0,615.8,6.679,6.819,leaf-off (2015-05-02),assumption (crown-opacity closing; heights not raised)
east r2,east,2,340.0,615.8,5.995,6.472,leaf-off (2015-05-02),assumption (crown-opacity closing; heights not raised)
east r2,east,2,342.0,615.8,6.156,7.392,leaf-off (2015-05-02),assumption (crown-opacity closing; heights not raised)
east r3,east,3,318.0,616.97,0.646,0.826,leaf-off (2015-05-02),assumption (crown-opacity closing; heights not raised)
east r3,east,3,320.0,616.97,1.138,1.138,leaf-off (2015-05-02),assumption (crown-opacity closing; heights not raised)
east r3,east,3,322.0,616.97,-0.081,0.187,leaf-off (2015-05-02),assumption (crown-opacity closing; heights not raised)
east r3,east,3,324.0,616.97,2.72,2.72,leaf-off (2015-05-02),assumption (crown-opacity closing; heights not raised)
east r3,east,3,326.0,616.97,4.964,4.964,leaf-off (2015-05-02),assumption (crown-opacity closing; heights not raised)
east r3,east,3,328.0,616.97,7.095,7.095,leaf-off (2015-05-02),assumption (crown-opacity closing; heights not raised)
east r3,east,3,330.0,616.97,6.582,6.92,leaf-off (2015-05-02),assumption (crown-opacity closing; heights not raised)
east r3,east,3,332.0,616.97,6.761,6.761,leaf-off (2015-05-02),assumption (crown-opacity closing; heights not raised)
east r3,east,3,334.0,616.97,6.806,6.806,leaf-off (2015-05-02),assumption (crown-opacity closing; heights not raised)
east r3,east,3,336.0,616.97,6.855,6.872,leaf-off (2015-05-02),assumption (crown-opacity closing; heights not raised)
east r3,east,3,338.0,616.97,6.11,6.252,leaf-off (2015-05-02),assumption (crown-opacity closing; heights not raised)
east r3,east,3,340.0,616.97,5.863,6.564,leaf-off (2015-05-02),assumption (crown-opacity closing; heights not raised)
east r3,east,3,342.0,616.97,5.701,6.193,leaf-off (2015-05-02),assumption (crown-opacity closing; heights not raised)
east r4,east,4,318.0,618.13,0.707,0.928,leaf-off (2015-05-02),assumption (crown-opacity closing; heights not raised)
east r4,east,4,320.0,618.13,0.567,0.713,leaf-off (2015-05-02),assumption (crown-opacity closing; heights not raised)
east r4,east,4,322.0,618.13,1.543,1.543,leaf-off (2015-05-02),assumption (crown-opacity closing; heights not raised)
east r4,east,4,324.0,618.13,2.759,2.759,leaf-off (2015-05-02),assumption (crown-opacity closing; heights not raised)
east r4,east,4,326.0,618.13,4.572,4.572,leaf-off (2015-05-02),assumption (crown-opacity closing; heights not raised)
east r4,east,4,328.0,618.13,6.188,6.188,leaf-off (2015-05-02),assumption (crown-opacity closing; heights not raised)
east r4,east,4,330.0,618.13,5.938,5.938,leaf-off (2015-05-02),assumption (crown-opacity closing; heights not raised)
east r4,east,4,332.0,618.13,5.986,6.302,leaf-off (2015-05-02),assumption (crown-opacity closing; heights not raised)
east r4,east,4,334.0,618.13,6.621,6.621,leaf-off (2015-05-02),assumption (crown-opacity closing; heights not raised)
east r4,east,4,336.0,618.13,5.944,6.107,leaf-off (2015-05-02),assumption (crown-opacity closing; heights not raised)
east r4,east,4,338.0,618.13,5.622,5.912,leaf-off (2015-05-02),assumption (crown-opacity closing; heights not raised)
east r4,east,4,340.0,618.13,5.008,6.626,leaf-off (2015-05-02),assumption (crown-opacity closing; heights not raised)
east r4,east,4,342.0,618.13,5.721,6.103,leaf-off (2015-05-02),assumption (crown-opacity closing; heights not raised)
east r6,east,6,318.0,620.68,0.547,0.547,leaf-off (2015-05-02),assumption (crown-opacity closing; heights not raised)
east r6,east,6,320.0,620.68,1.815,1.815,leaf-off (2015-05-02),assumption (crown-opacity closing; heights not raised)
east r6,east,6,322.0,620.68,1.648,1.663,leaf-off (2015-05-02),assumption (crown-opacity closing; heights not raised)
east r6,east,6,324.0,620.68,3.98,3.98,leaf-off (2015-05-02),assumption (crown-opacity closing; heights not raised)
east r6,east,6,326.0,620.68,5.079,5.079,leaf-off (2015-05-02),assumption (crown-opacity closing; heights not raised)
east r6,east,6,328.0,620.68,5.522,5.522,leaf-off (2015-05-02),assumption (crown-opacity closing; heights not raised)
east r6,east,6,330.0,620.68,5.524,5.524,leaf-off (2015-05-02),assumption (crown-opacity closing; heights not raised)
east r6,east,6,332.0,620.68,5.618,5.618,leaf-off (2015-05-02),assumption (crown-opacity closing; heights not raised)
east r6,east,6,334.0,620.68,5.426,5.461,leaf-off (2015-05-02),assumption (crown-opacity closing; heights not raised)
east r6,east,6,336.0,620.68,4.872,5.192,leaf-off (2015-05-02),assumption (crown-opacity closing; heights not raised)
east r6,east,6,338.0,620.68,4.217,5.336,leaf-off (2015-05-02),assumption (crown-opacity closing; heights not raised)
east r6,east,6,340.0,620.68,4.854,5.309,leaf-off (2015-05-02),assumption (crown-opacity closing; heights not raised)
east r6,east,6,342.0,620.68,5.511,5.511,leaf-off (2015-05-02),assumption (crown-opacity closing; heights not raised)
east r7,east,7,318.0,621.98,0.237,0.237,leaf-off (2015-05-02),assumption (crown-opacity closing; heights not raised)
east r7,east,7,320.0,621.98,1.784,1.833,leaf-off (2015-05-02),assumption (crown-opacity closing; heights not raised)
east r7,east,7,322.0,621.98,2.926,2.937,leaf-off (2015-05-02),assumption (crown-opacity closing; heights not raised)
east r7,east,7,324.0,621.98,3.614,3.614,leaf-off (2015-05-02),assumption (crown-opacity closing; heights not raised)
east r7,east,7,326.0,621.98,4.85,4.85,leaf-off (2015-05-02),assumption (crown-opacity closing; heights not raised)
east r7,east,7,328.0,621.98,4.687,4.687,leaf-off (2015-05-02),assumption (crown-opacity closing; heights not raised)
east r7,east,7,330.0,621.98,4.802,4.802,leaf-off (2015-05-02),assumption (crown-opacity closing; heights not raised)
east r7,east,7,332.0,621.98,5.305,5.332,leaf-off (2015-05-02),assumption (crown-opacity closing; heights not raised)
east r7,east,7,334.0,621.98,4.862,4.964,leaf-off (2015-05-02),assumption (crown-opacity closing; heights not raised)
east r7,east,7,336.0,621.98,4.159,5.289,leaf-off (2015-05-02),assumption (crown-opacity closing; heights not raised)
east r7,east,7,338.0,621.98,3.688,4.808,leaf-off (2015-05-02),assumption (crown-opacity closing; heights not raised)
east r7,east,7,340.0,621.98,5.117,5.605,leaf-off (2015-05-02),assumption (crown-opacity closing; heights not raised)
east r7,east,7,342.0,621.98,5.397,5.397,leaf-off (2015-05-02),assumption (crown-opacity closing; heights not raised)
east r8,east,8,318.0,623.25,1.515,1.515,leaf-off (2015-05-02),assumption (crown-opacity closing; heights not raised)
east r8,east,8,320.0,623.25,1.427,1.546,leaf-off (2015-05-02),assumption (crown-opacity closing; heights not raised)
east r8,east,8,322.0,623.25,2.9,2.9,leaf-off (2015-05-02),assumption (crown-opacity closing; heights not raised)
east r8,east,8,324.0,623.25,3.754,3.754,leaf-off (2015-05-02),assumption (crown-opacity closing; heights not raised)
east r8,east,8,326.0,623.25,4.618,4.779,leaf-off (2015-05-02),assumption (crown-opacity closing; heights not raised)
east r8,east,8,328.0,623.25,4.527,4.855,leaf-off (2015-05-02),assumption (crown-opacity closing; heights not raised)
east r8,east,8,330.0,623.25,4.699,4.998,leaf-off (2015-05-02),assumption (crown-opacity closing; heights not raised)
east r8,east,8,332.0,623.25,4.646,4.728,leaf-off (2015-05-02),assumption (crown-opacity closing; heights not raised)
east r8,east,8,334.0,623.25,4.181,4.745,leaf-off (2015-05-02),assumption (crown-opacity closing; heights not raised)
east r8,east,8,336.0,623.25,3.542,4.763,leaf-off (2015-05-02),assumption (crown-opacity closing; heights not raised)
east r8,east,8,338.0,623.25,4.099,4.378,leaf-off (2015-05-02),assumption (crown-opacity closing; heights not raised)
east r8,east,8,340.0,623.25,4.602,4.602,leaf-off (2015-05-02),assumption (crown-opacity closing; heights not raised)
east r8,east,8,342.0,623.25,4.912,4.912,leaf-off (2015-05-02),assumption (crown-opacity closing; heights not raised)
east r11,east,11,318.0,627.31,1.325,1.325,leaf-off (2015-05-02),assumption (crown-opacity closing; heights not raised)
east r11,east,11,320.0,627.31,1.877,1.879,leaf-off (2015-05-02),assumption (crown-opacity closing; heights not raised)
east r11,east,11,322.0,627.31,2.413,2.413,leaf-off (2015-05-02),assumption (crown-opacity closing; heights not raised)
east r11,east,11,324.0,627.31,3.345,3.516,leaf-off (2015-05-02),assumption (crown-opacity closing; heights not raised)
east r11,east,11,326.0,627.31,3.45,3.69,leaf-off (2015-05-02),assumption (crown-opacity closing; heights not raised)
east r11,east,11,328.0,627.31,3.559,3.559,leaf-off (2015-05-02),assumption (crown-opacity closing; heights not raised)
east r11,east,11,330.0,627.31,3.55,3.621,leaf-off (2015-05-02),assumption (crown-opacity closing; heights not raised)
east r11,east,11,332.0,627.31,3.185,3.507,leaf-off (2015-05-02),assumption (crown-opacity closing; heights not raised)
east r11,east,11,334.0,627.31,2.635,2.944,leaf-off (2015-05-02),assumption (crown-opacity closing; heights not raised)
east r11,east,11,336.0,627.31,3.131,3.351,leaf-off (2015-05-02),assumption (crown-opacity closing; heights not raised)
east r11,east,11,338.0,627.31,3.378,3.378,leaf-off (2015-05-02),assumption (crown-opacity closing; heights not raised)
east r11,east,11,340.0,627.31,4.983,5.28,leaf-off (2015-05-02),assumption (crown-opacity closing; heights not raised)
east r11,east,11,342.0,627.31,6.003,6.296,leaf-off (2015-05-02),assumption (crown-opacity closing; heights not raised)
east r12,east,12,318.0,628.75,0.929,0.929,leaf-off (2015-05-02),assumption (crown-opacity closing; heights not raised)
east r12,east,12,320.0,628.75,1.482,1.607,leaf-off (2015-05-02),assumption (crown-opacity closing; heights not raised)
east r12,east,12,322.0,628.75,2.669,2.669,leaf-off (2015-05-02),assumption (crown-opacity closing; heights not raised)
east r12,east,12,324.0,628.75,2.607,2.607,leaf-off (2015-05-02),assumption (crown-opacity closing; heights not raised)
east r12,east,12,326.0,628.75,3.107,3.271,leaf-off (2015-05-02),assumption (crown-opacity closing; heights not raised)
east r12,east,12,328.0,628.75,3.178,3.437,leaf-off (2015-05-02),assumption (crown-opacity closing; heights not raised)
east r12,east,12,330.0,628.75,3.057,3.204,leaf-off (2015-05-02),assumption (crown-opacity closing; heights not raised)
east r12,east,12,332.0,628.75,2.824,3.283,leaf-off (2015-05-02),assumption (crown-opacity closing; heights not raised)
east r12,east,12,334.0,628.75,2.953,3.38,leaf-off (2015-05-02),assumption (crown-opacity closing; heights not raised)
east r12,east,12,336.0,628.75,2.752,3.242,leaf-off (2015-05-02),assumption (crown-opacity closing; heights not raised)
east r12,east,12,338.0,628.75,4.287,4.287,leaf-off (2015-05-02),assumption (crown-opacity closing; heights not raised)
east r12,east,12,340.0,628.75,4.486,4.486,leaf-off (2015-05-02),assumption (crown-opacity closing; heights not raised)
east r12,east,12,342.0,628.75,5.745,5.745,leaf-off (2015-05-02),assumption (crown-opacity closing; heights not raised)
east r13,east,13,318.0,630.25,1.291,1.291,leaf-off (2015-05-02),assumption (crown-opacity closing; heights not raised)
east r13,east,13,320.0,630.25,0.509,0.591,leaf-off (2015-05-02),assumption (crown-opacity closing; heights not raised)
east r13,east,13,322.0,630.25,2.333,2.333,leaf-off (2015-05-02),assumption (crown-opacity closing; heights not raised)
east r13,east,13,324.0,630.25,2.526,2.526,leaf-off (2015-05-02),assumption (crown-opacity closing; heights not raised)
east r13,east,13,326.0,630.25,2.411,2.411,leaf-off (2015-05-02),assumption (crown-opacity closing; heights not raised)
east r13,east,13,328.0,630.25,2.604,2.895,leaf-off (2015-05-02),assumption (crown-opacity closing; heights not raised)
east r13,east,13,330.0,630.25,2.694,2.987,leaf-off (2015-05-02),assumption (crown-opacity closing; heights not raised)
east r13,east,13,332.0,630.25,2.203,2.603,leaf-off (2015-05-02),assumption (crown-opacity closing; heights not raised)
east r13,east,13,334.0,630.25,2.47,3.265,leaf-off (2015-05-02),assumption (crown-opacity closing; heights not raised)
east r13,east,13,336.0,630.25,2.684,3.171,leaf-off (2015-05-02),assumption (crown-opacity closing; heights not raised)
east r13,east,13,338.0,630.25,4.044,4.044,leaf-off (2015-05-02),assumption (crown-opacity closing; heights not raised)
east r13,east,13,340.0,630.25,5.125,5.411,leaf-off (2015-05-02),assumption (crown-opacity closing; heights not raised)
east r13,east,13,342.0,630.25,5.748,6.383,leaf-off (2015-05-02),assumption (crown-opacity closing; heights not raised)
east r14,east,14,318.0,631.81,1.259,1.259,leaf-off (2015-05-02),assumption (crown-opacity closing; heights not raised)
east r14,east,14,320.0,631.81,0.248,0.322,leaf-off (2015-05-02),assumption (crown-opacity closing; heights not raised)
east r14,east,14,322.0,631.81,2.053,2.243,leaf-off (2015-05-02),assumption (crown-opacity closing; heights not raised)
east r14,east,14,324.0,631.81,2.134,2.134,leaf-off (2015-05-02),assumption (crown-opacity closing; heights not raised)
east r14,east,14,326.0,631.81,2.181,2.181,leaf-off (2015-05-02),assumption (crown-opacity closing; heights not raised)
east r14,east,14,328.0,631.81,2.426,2.472,leaf-off (2015-05-02),assumption (crown-opacity closing; heights not raised)
east r14,east,14,330.0,631.81,2.148,2.526,leaf-off (2015-05-02),assumption (crown-opacity closing; heights not raised)
east r14,east,14,332.0,631.81,1.774,1.972,leaf-off (2015-05-02),assumption (crown-opacity closing; heights not raised)
east r14,east,14,334.0,631.81,2.05,2.204,leaf-off (2015-05-02),assumption (crown-opacity closing; heights not raised)
east r14,east,14,336.0,631.81,3.172,3.522,leaf-off (2015-05-02),assumption (crown-opacity closing; heights not raised)
east r14,east,14,338.0,631.81,3.615,3.615,leaf-off (2015-05-02),assumption (crown-opacity closing; heights not raised)
east r14,east,14,340.0,631.81,4.626,4.626,leaf-off (2015-05-02),assumption (crown-opacity closing; heights not raised)
east r14,east,14,342.0,631.81,5.665,5.665,leaf-off (2015-05-02),assumption (crown-opacity closing; heights not raised)
east r15,east,15,318.0,633.32,0.409,0.409,leaf-off (2015-05-02),assumption (crown-opacity closing; heights not raised)
east r15,east,15,320.0,633.32,1.097,1.097,leaf-off (2015-05-02),assumption (crown-opacity closing; heights not raised)
east r15,east,15,322.0,633.32,1.156,1.156,leaf-off (2015-05-02),assumption (crown-opacity closing; heights not raised)
east r15,east,15,324.0,633.32,1.875,2.069,leaf-off (2015-05-02),assumption (crown-opacity closing; heights not raised)
east r15,east,15,326.0,633.32,1.893,2.311,leaf-off (2015-05-02),assumption (crown-opacity closing; heights not raised)
east r15,east,15,328.0,633.32,1.946,2.348,leaf-off (2015-05-02),assumption (crown-opacity closing; heights not raised)
east r15,east,15,330.0,633.32,1.789,2.145,leaf-off (2015-05-02),assumption (crown-opacity closing; heights not raised)
east r15,east,15,332.0,633.32,1.892,2.224,leaf-off (2015-05-02),assumption (crown-opacity closing; heights not raised)
east r15,east,15,334.0,633.32,2.904,3.181,leaf-off (2015-05-02),assumption (crown-opacity closing; heights not raised)
east r15,east,15,336.0,633.32,2.95,2.95,leaf-off (2015-05-02),assumption (crown-opacity closing; heights not raised)
east r15,east,15,338.0,633.32,4.068,4.419,leaf-off (2015-05-02),assumption (crown-opacity closing; heights not raised)
east r15,east,15,340.0,633.32,4.491,5.358,leaf-off (2015-05-02),assumption (crown-opacity closing; heights not raised)
east r15,east,15,342.0,633.32,4.978,4.978,leaf-off (2015-05-02),assumption (crown-opacity closing; heights not raised)
east r16,east,16,318.0,634.69,0.117,0.117,leaf-off (2015-05-02),assumption (crown-opacity closing; heights not raised)
east r16,east,16,320.0,634.69,1.141,1.141,leaf-off (2015-05-02),assumption (crown-opacity closing; heights not raised)
east r16,east,16,322.0,634.69,1.392,1.392,leaf-off (2015-05-02),assumption (crown-opacity closing; heights not raised)
east r16,east,16,324.0,634.69,1.077,1.077,leaf-off (2015-05-02),assumption (crown-opacity closing; heights not raised)
east r16,east,16,326.0,634.69,1.539,1.759,leaf-off (2015-05-02),assumption (crown-opacity closing; heights not raised)
east r16,east,16,328.0,634.69,1.642,1.897,leaf-off (2015-05-02),assumption (crown-opacity closing; heights not raised)
east r16,east,16,330.0,634.69,1.252,1.613,leaf-off (2015-05-02),assumption (crown-opacity closing; heights not raised)
east r16,east,16,332.0,634.69,1.434,2.094,leaf-off (2015-05-02),assumption (crown-opacity closing; heights not raised)
east r16,east,16,334.0,634.69,2.393,2.793,leaf-off (2015-05-02),assumption (crown-opacity closing; heights not raised)
east r16,east,16,336.0,634.69,3.097,3.097,leaf-off (2015-05-02),assumption (crown-opacity closing; heights not raised)
east r16,east,16,338.0,634.69,3.755,3.755,leaf-off (2015-05-02),assumption (crown-opacity closing; heights not raised)
east r16,east,16,340.0,634.69,4.567,4.567,leaf-off (2015-05-02),assumption (crown-opacity closing; heights not raised)
east r16,east,16,342.0,634.69,4.703,4.703,leaf-off (2015-05-02),assumption (crown-opacity closing; heights not raised)
east r17,east,17,318.0,636.21,-0.233,-0.233,leaf-off (2015-05-02),assumption (crown-opacity closing; heights not raised)
east r17,east,17,320.0,636.21,0.35,0.569,leaf-off (2015-05-02),assumption (crown-opacity closing; heights not raised)
east r17,east,17,322.0,636.21,1.102,1.102,leaf-off (2015-05-02),assumption (crown-opacity closing; heights not raised)
east r17,east,17,324.0,636.21,1.121,1.236,leaf-off (2015-05-02),assumption (crown-opacity closing; heights not raised)
east r17,east,17,326.0,636.21,1.175,1.2,leaf-off (2015-05-02),assumption (crown-opacity closing; heights not raised)
east r17,east,17,328.0,636.21,1.18,1.473,leaf-off (2015-05-02),assumption (crown-opacity closing; heights not raised)
east r17,east,17,330.0,636.21,1.245,1.715,leaf-off (2015-05-02),assumption (crown-opacity closing; heights not raised)
east r17,east,17,332.0,636.21,1.653,2.124,leaf-off (2015-05-02),assumption (crown-opacity closing; heights not raised)
east r17,east,17,334.0,636.21,2.051,2.051,leaf-off (2015-05-02),assumption (crown-opacity closing; heights not raised)
east r17,east,17,336.0,636.21,3.214,3.566,leaf-off (2015-05-02),assumption (crown-opacity closing; heights not raised)
east r17,east,17,338.0,636.21,3.995,4.329,leaf-off (2015-05-02),assumption (crown-opacity closing; heights not raised)
east r17,east,17,340.0,636.21,3.985,3.985,leaf-off (2015-05-02),assumption (crown-opacity closing; heights not raised)
east r17,east,17,342.0,636.21,4.369,4.369,leaf-off (2015-05-02),assumption (crown-opacity closing; heights not raised)
east r18,east,18,318.0,637.61,-0.32,-0.32,leaf-off (2015-05-02),assumption (crown-opacity closing; heights not raised)
east r18,east,18,320.0,637.61,0.381,0.381,leaf-off (2015-05-02),assumption (crown-opacity closing; heights not raised)
east r18,east,18,322.0,637.61,0.786,1.004,leaf-off (2015-05-02),assumption (crown-opacity closing; heights not raised)
east r18,east,18,324.0,637.61,0.696,0.931,leaf-off (2015-05-02),assumption (crown-opacity closing; heights not raised)
east r18,east,18,326.0,637.61,0.982,1.331,leaf-off (2015-05-02),assumption (crown-opacity closing; heights not raised)
east r18,east,18,328.0,637.61,0.868,0.887,leaf-off (2015-05-02),assumption (crown-opacity closing; heights not raised)
east r18,east,18,330.0,637.61,1.392,1.642,leaf-off (2015-05-02),assumption (crown-opacity closing; heights not raised)
east r18,east,18,332.0,637.61,1.809,2.03,leaf-off (2015-05-02),assumption (crown-opacity closing; heights not raised)
east r18,east,18,334.0,637.61,2.739,2.739,leaf-off (2015-05-02),assumption (crown-opacity closing; heights not raised)
east r18,east,18,336.0,637.61,2.782,2.782,leaf-off (2015-05-02),assumption (crown-opacity closing; heights not raised)
east r18,east,18,338.0,637.61,3.467,3.467,leaf-off (2015-05-02),assumption (crown-opacity closing; heights not raised)
east r18,east,18,340.0,637.61,3.901,3.901,leaf-off (2015-05-02),assumption (crown-opacity closing; heights not raised)
east r18,east,18,342.0,637.61,3.88,3.913,leaf-off (2015-05-02),assumption (crown-opacity closing; heights not raised)
bend r1,bend,1,318.0,614.77,4.682,4.717,leaf-off (2015-05-02),assumption (crown-opacity closing; heights not raised)
bend r1,bend,1,320.0,614.77,3.508,4.828,leaf-off (2015-05-02),assumption (crown-opacity closing; heights not raised)
bend r1,bend,1,322.0,614.77,1.8,3.39,leaf-off (2015-05-02),assumption (crown-opacity closing; heights not raised)
bend r1,bend,1,324.0,614.77,1.14,2.614,leaf-off (2015-05-02),assumption (crown-opacity closing; heights not raised)
bend r1,bend,1,326.0,614.77,1.019,1.472,leaf-off (2015-05-02),assumption (crown-opacity closing; heights not raised)
bend r1,bend,1,328.0,614.77,0.176,0.176,leaf-off (2015-05-02),assumption (crown-opacity closing; heights not raised)
bend r1,bend,1,330.0,614.77,0.225,0.225,leaf-off (2015-05-02),assumption (crown-opacity closing; heights not raised)
bend r1,bend,1,332.0,614.77,0.423,0.423,leaf-off (2015-05-02),assumption (crown-opacity closing; heights not raised)
bend r1,bend,1,334.0,614.77,-0.294,0.253,leaf-off (2015-05-02),assumption (crown-opacity closing; heights not raised)
bend r1,bend,1,336.0,614.77,2.098,2.098,leaf-off (2015-05-02),assumption (crown-opacity closing; heights not raised)
bend r1,bend,1,338.0,614.77,4.82,5.067,leaf-off (2015-05-02),assumption (crown-opacity closing; heights not raised)
bend r1,bend,1,340.0,614.77,6.701,6.701,leaf-off (2015-05-02),assumption (crown-opacity closing; heights not raised)
bend r1,bend,1,342.0,614.77,6.766,6.766,leaf-off (2015-05-02),assumption (crown-opacity closing; heights not raised)
bend r2,bend,2,318.0,615.8,4.217,4.56,leaf-off (2015-05-02),assumption (crown-opacity closing; heights not raised)
bend r2,bend,2,320.0,615.8,3.295,3.295,leaf-off (2015-05-02),assumption (crown-opacity closing; heights not raised)
bend r2,bend,2,322.0,615.8,1.668,3.234,leaf-off (2015-05-02),assumption (crown-opacity closing; heights not raised)
bend r2,bend,2,324.0,615.8,1.106,2.557,leaf-off (2015-05-02),assumption (crown-opacity closing; heights not raised)
bend r2,bend,2,326.0,615.8,0.792,0.792,leaf-off (2015-05-02),assumption (crown-opacity closing; heights not raised)
bend r2,bend,2,328.0,615.8,0.097,0.097,leaf-off (2015-05-02),assumption (crown-opacity closing; heights not raised)
bend r2,bend,2,330.0,615.8,0.035,0.035,leaf-off (2015-05-02),assumption (crown-opacity closing; heights not raised)
bend r2,bend,2,332.0,615.8,0.269,0.269,leaf-off (2015-05-02),assumption (crown-opacity closing; heights not raised)
bend r2,bend,2,334.0,615.8,1.857,1.857,leaf-off (2015-05-02),assumption (crown-opacity closing; heights not raised)
bend r2,bend,2,336.0,615.8,2.148,2.148,leaf-off (2015-05-02),assumption (crown-opacity closing; heights not raised)
bend r2,bend,2,338.0,615.8,4.697,4.829,leaf-off (2015-05-02),assumption (crown-opacity closing; heights not raised)
bend r2,bend,2,340.0,615.8,6.349,6.349,leaf-off (2015-05-02),assumption (crown-opacity closing; heights not raised)
bend r2,bend,2,342.0,615.8,6.355,6.355,leaf-off (2015-05-02),assumption (crown-opacity closing; heights not raised)
bend r3,bend,3,318.0,616.97,3.96,4.47,leaf-off (2015-05-02),assumption (crown-opacity closing; heights not raised)
bend r3,bend,3,320.0,616.97,3.077,4.376,leaf-off (2015-05-02),assumption (crown-opacity closing; heights not raised)
bend r3,bend,3,322.0,616.97,1.38,3.004,leaf-off (2015-05-02),assumption (crown-opacity closing; heights not raised)
bend r3,bend,3,324.0,616.97,1.024,2.465,leaf-off (2015-05-02),assumption (crown-opacity closing; heights not raised)
bend r3,bend,3,326.0,616.97,0.651,0.651,leaf-off (2015-05-02),assumption (crown-opacity closing; heights not raised)
bend r3,bend,3,328.0,616.97,-0.042,-0.042,leaf-off (2015-05-02),assumption (crown-opacity closing; heights not raised)
bend r3,bend,3,330.0,616.97,-0.183,-0.183,leaf-off (2015-05-02),assumption (crown-opacity closing; heights not raised)
bend r3,bend,3,332.0,616.97,-0.036,-0.036,leaf-off (2015-05-02),assumption (crown-opacity closing; heights not raised)
bend r3,bend,3,334.0,616.97,1.618,1.618,leaf-off (2015-05-02),assumption (crown-opacity closing; heights not raised)
bend r3,bend,3,336.0,616.97,2.059,2.059,leaf-off (2015-05-02),assumption (crown-opacity closing; heights not raised)
bend r3,bend,3,338.0,616.97,4.42,4.5,leaf-off (2015-05-02),assumption (crown-opacity closing; heights not raised)
bend r3,bend,3,340.0,616.97,5.887,5.887,leaf-off (2015-05-02),assumption (crown-opacity closing; heights not raised)
bend r3,bend,3,342.0,616.97,5.869,5.882,leaf-off (2015-05-02),assumption (crown-opacity closing; heights not raised)
bend r4,bend,4,318.0,618.11,3.746,4.098,leaf-off (2015-05-02),assumption (crown-opacity closing; heights not raised)
bend r4,bend,4,320.0,618.11,2.707,4.178,leaf-off (2015-05-02),assumption (crown-opacity closing; heights not raised)
bend r4,bend,4,322.0,618.11,1.242,2.807,leaf-off (2015-05-02),assumption (crown-opacity closing; heights not raised)
bend r4,bend,4,324.0,618.11,0.833,2.264,leaf-off (2015-05-02),assumption (crown-opacity closing; heights not raised)
bend r4,bend,4,326.0,618.11,0.502,0.502,leaf-off (2015-05-02),assumption (crown-opacity closing; heights not raised)
bend r4,bend,4,328.0,618.11,-0.18,-0.18,leaf-off (2015-05-02),assumption (crown-opacity closing; heights not raised)
bend r4,bend,4,330.0,618.11,-0.346,-0.346,leaf-off (2015-05-02),assumption (crown-opacity closing; heights not raised)
bend r4,bend,4,332.0,618.11,-0.296,-0.296,leaf-off (2015-05-02),assumption (crown-opacity closing; heights not raised)
bend r4,bend,4,334.0,618.11,1.448,1.448,leaf-off (2015-05-02),assumption (crown-opacity closing; heights not raised)
bend r4,bend,4,336.0,618.11,3.109,3.109,leaf-off (2015-05-02),assumption (crown-opacity closing; heights not raised)
bend r4,bend,4,338.0,618.11,3.913,3.99,leaf-off (2015-05-02),assumption (crown-opacity closing; heights not raised)
bend r4,bend,4,340.0,618.11,5.594,5.594,leaf-off (2015-05-02),assumption (crown-opacity closing; heights not raised)
bend r4,bend,4,342.0,618.11,5.486,5.486,leaf-off (2015-05-02),assumption (crown-opacity closing; heights not raised)
bend r6,bend,6,318.0,620.66,3.244,3.783,leaf-off (2015-05-02),assumption (crown-opacity closing; heights not raised)
bend r6,bend,6,320.0,620.66,2.283,3.743,leaf-off (2015-05-02),assumption (crown-opacity closing; heights not raised)
bend r6,bend,6,322.0,620.66,1.093,2.495,leaf-off (2015-05-02),assumption (crown-opacity closing; heights not raised)
bend r6,bend,6,324.0,620.66,0.379,1.774,leaf-off (2015-05-02),assumption (crown-opacity closing; heights not raised)
bend r6,bend,6,326.0,620.66,0.15,0.15,leaf-off (2015-05-02),assumption (crown-opacity closing; heights not raised)
bend r6,bend,6,328.0,620.66,-0.477,-0.477,leaf-off (2015-05-02),assumption (crown-opacity closing; heights not raised)
bend r6,bend,6,330.0,620.66,-0.584,-0.584,leaf-off (2015-05-02),assumption (crown-opacity closing; heights not raised)
bend r6,bend,6,332.0,620.66,1.022,1.022,leaf-off (2015-05-02),assumption (crown-opacity closing; heights not raised)
bend r6,bend,6,334.0,620.66,0.953,0.953,leaf-off (2015-05-02),assumption (crown-opacity closing; heights not raised)
bend r6,bend,6,336.0,620.66,2.771,3.267,leaf-off (2015-05-02),assumption (crown-opacity closing; heights not raised)
bend r6,bend,6,338.0,620.66,3.578,3.592,leaf-off (2015-05-02),assumption (crown-opacity closing; heights not raised)
bend r6,bend,6,340.0,620.66,4.735,4.735,leaf-off (2015-05-02),assumption (crown-opacity closing; heights not raised)
bend r6,bend,6,342.0,620.66,4.46,4.525,leaf-off (2015-05-02),assumption (crown-opacity closing; heights not raised)
bend r7,bend,7,318.0,621.96,3.018,3.49,leaf-off (2015-05-02),assumption (crown-opacity closing; heights not raised)
bend r7,bend,7,320.0,621.96,1.992,3.523,leaf-off (2015-05-02),assumption (crown-opacity closing; heights not raised)
bend r7,bend,7,322.0,621.96,1.027,2.419,leaf-off (2015-05-02),assumption (crown-opacity closing; heights not raised)
bend r7,bend,7,324.0,621.96,0.155,1.513,leaf-off (2015-05-02),assumption (crown-opacity closing; heights not raised)
bend r7,bend,7,326.0,621.96,-0.153,-0.153,leaf-off (2015-05-02),assumption (crown-opacity closing; heights not raised)
bend r7,bend,7,328.0,621.96,-0.624,-0.624,leaf-off (2015-05-02),assumption (crown-opacity closing; heights not raised)
bend r7,bend,7,330.0,621.96,-0.892,-0.892,leaf-off (2015-05-02),assumption (crown-opacity closing; heights not raised)
bend r7,bend,7,332.0,621.96,1.092,1.092,leaf-off (2015-05-02),assumption (crown-opacity closing; heights not raised)
bend r7,bend,7,334.0,621.96,0.711,0.711,leaf-off (2015-05-02),assumption (crown-opacity closing; heights not raised)
bend r7,bend,7,336.0,621.96,2.572,2.974,leaf-off (2015-05-02),assumption (crown-opacity closing; heights not raised)
bend r7,bend,7,338.0,621.96,4.12,4.12,leaf-off (2015-05-02),assumption (crown-opacity closing; heights not raised)
bend r7,bend,7,340.0,621.96,4.507,4.507,leaf-off (2015-05-02),assumption (crown-opacity closing; heights not raised)
bend r7,bend,7,342.0,621.96,4.118,4.178,leaf-off (2015-05-02),assumption (crown-opacity closing; heights not raised)
bend r8,bend,8,318.0,623.25,2.776,3.249,leaf-off (2015-05-02),assumption (crown-opacity closing; heights not raised)
bend r8,bend,8,320.0,623.25,1.779,3.163,leaf-off (2015-05-02),assumption (crown-opacity closing; heights not raised)
bend r8,bend,8,322.0,623.25,0.959,2.27,leaf-off (2015-05-02),assumption (crown-opacity closing; heights not raised)
bend r8,bend,8,324.0,623.25,-0.002,1.311,leaf-off (2015-05-02),assumption (crown-opacity closing; heights not raised)
bend r8,bend,8,326.0,623.25,-0.292,-0.292,leaf-off (2015-05-02),assumption (crown-opacity closing; heights not raised)
bend r8,bend,8,328.0,623.25,-0.824,-0.609,leaf-off (2015-05-02),assumption (crown-opacity closing; heights not raised)
bend r8,bend,8,330.0,623.25,-0.904,-0.904,leaf-off (2015-05-02),assumption (crown-opacity closing; heights not raised)
bend r8,bend,8,332.0,623.25,0.852,0.852,leaf-off (2015-05-02),assumption (crown-opacity closing; heights not raised)
bend r8,bend,8,334.0,623.25,0.473,0.999,leaf-off (2015-05-02),assumption (crown-opacity closing; heights not raised)
bend r8,bend,8,336.0,623.25,2.174,2.545,leaf-off (2015-05-02),assumption (crown-opacity closing; heights not raised)
bend r8,bend,8,338.0,623.25,4.022,4.091,leaf-off (2015-05-02),assumption (crown-opacity closing; heights not raised)
bend r8,bend,8,340.0,623.25,4.083,4.132,leaf-off (2015-05-02),assumption (crown-opacity closing; heights not raised)
bend r8,bend,8,342.0,623.25,3.782,4.122,leaf-off (2015-05-02),assumption (crown-opacity closing; heights not raised)
bend r11,bend,11,318.0,627.34,2.223,2.827,leaf-off (2015-05-02),assumption (crown-opacity closing; heights not raised)
bend r11,bend,11,320.0,627.34,1.259,2.425,leaf-off (2015-05-02),assumption (crown-opacity closing; heights not raised)
bend r11,bend,11,322.0,627.34,0.496,1.689,leaf-off (2015-05-02),assumption (crown-opacity closing; heights not raised)
bend r11,bend,11,324.0,627.34,-0.651,0.525,leaf-off (2015-05-02),assumption (crown-opacity closing; heights not raised)
bend r11,bend,11,326.0,627.34,-0.859,-0.773,leaf-off (2015-05-02),assumption (crown-opacity closing; heights not raised)
bend r11,bend,11,328.0,627.34,-1.373,-1.336,leaf-off (2015-05-02),assumption (crown-opacity closing; heights not raised)
bend r11,bend,11,330.0,627.34,-0.266,-0.266,leaf-off (2015-05-02),assumption (crown-opacity closing; heights not raised)
bend r11,bend,11,332.0,627.34,-0.012,-0.012,leaf-off (2015-05-02),assumption (crown-opacity closing; heights not raised)
bend r11,bend,11,334.0,627.34,1.279,1.417,leaf-off (2015-05-02),assumption (crown-opacity closing; heights not raised)
bend r11,bend,11,336.0,627.34,1.661,1.661,leaf-off (2015-05-02),assumption (crown-opacity closing; heights not raised)
bend r11,bend,11,338.0,627.34,2.951,2.951,leaf-off (2015-05-02),assumption (crown-opacity closing; heights not raised)
bend r11,bend,11,340.0,627.34,2.87,2.978,leaf-off (2015-05-02),assumption (crown-opacity closing; heights not raised)
bend r11,bend,11,342.0,627.34,2.693,3.156,leaf-off (2015-05-02),assumption (crown-opacity closing; heights not raised)
bend r12,bend,12,318.0,628.72,1.874,2.648,leaf-off (2015-05-02),assumption (crown-opacity closing; heights not raised)
bend r12,bend,12,320.0,628.72,1.049,2.18,leaf-off (2015-05-02),assumption (crown-opacity closing; heights not raised)
bend r12,bend,12,322.0,628.72,0.335,1.418,leaf-off (2015-05-02),assumption (crown-opacity closing; heights not raised)
bend r12,bend,12,324.0,628.72,-0.828,0.498,leaf-off (2015-05-02),assumption (crown-opacity closing; heights not raised)
bend r12,bend,12,326.0,628.72,-0.926,-0.716,leaf-off (2015-05-02),assumption (crown-opacity closing; heights not raised)
bend r12,bend,12,328.0,628.72,-1.447,-1.433,leaf-off (2015-05-02),assumption (crown-opacity closing; heights not raised)
bend r12,bend,12,330.0,628.72,-0.238,-0.238,leaf-off (2015-05-02),assumption (crown-opacity closing; heights not raised)
bend r12,bend,12,332.0,628.72,-0.205,-0.205,leaf-off (2015-05-02),assumption (crown-opacity closing; heights not raised)
bend r12,bend,12,334.0,628.72,0.914,1.198,leaf-off (2015-05-02),assumption (crown-opacity closing; heights not raised)
bend r12,bend,12,336.0,628.72,1.398,1.398,leaf-off (2015-05-02),assumption (crown-opacity closing; heights not raised)
bend r12,bend,12,338.0,628.72,2.519,2.592,leaf-off (2015-05-02),assumption (crown-opacity closing; heights not raised)
bend r12,bend,12,340.0,628.72,2.484,2.519,leaf-off (2015-05-02),assumption (crown-opacity closing; heights not raised)
bend r12,bend,12,342.0,628.72,2.202,2.742,leaf-off (2015-05-02),assumption (crown-opacity closing; heights not raised)
bend r13,bend,13,318.0,630.24,1.686,2.439,leaf-off (2015-05-02),assumption (crown-opacity closing; heights not raised)
bend r13,bend,13,320.0,630.24,0.798,1.768,leaf-off (2015-05-02),assumption (crown-opacity closing; heights not raised)
bend r13,bend,13,322.0,630.24,0.157,1.203,leaf-off (2015-05-02),assumption (crown-opacity closing; heights not raised)
bend r13,bend,13,324.0,630.24,-1.018,0.081,leaf-off (2015-05-02),assumption (crown-opacity closing; heights not raised)
bend r13,bend,13,326.0,630.24,-0.915,-0.757,leaf-off (2015-05-02),assumption (crown-opacity closing; heights not raised)
bend r13,bend,13,328.0,630.24,-1.61,-1.61,leaf-off (2015-05-02),assumption (crown-opacity closing; heights not raised)
bend r13,bend,13,330.0,630.24,-0.355,-0.355,leaf-off (2015-05-02),assumption (crown-opacity closing; heights not raised)
bend r13,bend,13,332.0,630.24,-0.548,-0.548,leaf-off (2015-05-02),assumption (crown-opacity closing; heights not raised)
bend r13,bend,13,334.0,630.24,0.735,0.735,leaf-off (2015-05-02),assumption (crown-opacity closing; heights not raised)
bend r13,bend,13,336.0,630.24,1.125,1.125,leaf-off (2015-05-02),assumption (crown-opacity closing; heights not raised)
bend r13,bend,13,338.0,630.24,2.359,2.445,leaf-off (2015-05-02),assumption (crown-opacity closing; heights not raised)
bend r13,bend,13,340.0,630.24,2.151,2.409,leaf-off (2015-05-02),assumption (crown-opacity closing; heights not raised)
bend r13,bend,13,342.0,630.24,1.792,1.818,leaf-off (2015-05-02),assumption (crown-opacity closing; heights not raised)
bend r14,bend,14,318.0,631.74,1.496,2.013,leaf-off (2015-05-02),assumption (crown-opacity closing; heights not raised)
bend r14,bend,14,320.0,631.74,0.68,1.611,leaf-off (2015-05-02),assumption (crown-opacity closing; heights not raised)
bend r14,bend,14,322.0,631.74,-0.01,1.0,leaf-off (2015-05-02),assumption (crown-opacity closing; heights not raised)
bend r14,bend,14,324.0,631.74,-1.205,-0.117,leaf-off (2015-05-02),assumption (crown-opacity closing; heights not raised)
bend r14,bend,14,326.0,631.74,-1.071,-0.937,leaf-off (2015-05-02),assumption (crown-opacity closing; heights not raised)
bend r14,bend,14,328.0,631.74,-1.64,-1.64,leaf-off (2015-05-02),assumption (crown-opacity closing; heights not raised)
bend r14,bend,14,330.0,631.74,-0.595,-0.595,leaf-off (2015-05-02),assumption (crown-opacity closing; heights not raised)
bend r14,bend,14,332.0,631.74,-0.856,-0.856,leaf-off (2015-05-02),assumption (crown-opacity closing; heights not raised)
bend r14,bend,14,334.0,631.74,0.356,0.356,leaf-off (2015-05-02),assumption (crown-opacity closing; heights not raised)
bend r14,bend,14,336.0,631.74,0.972,1.168,leaf-off (2015-05-02),assumption (crown-opacity closing; heights not raised)
bend r14,bend,14,338.0,631.74,1.912,1.936,leaf-off (2015-05-02),assumption (crown-opacity closing; heights not raised)
bend r14,bend,14,340.0,631.74,1.694,1.947,leaf-off (2015-05-02),assumption (crown-opacity closing; heights not raised)
bend r14,bend,14,342.0,631.74,1.551,1.551,leaf-off (2015-05-02),assumption (crown-opacity closing; heights not raised)
bend r15,bend,15,318.0,633.28,1.291,1.491,leaf-off (2015-05-02),assumption (crown-opacity closing; heights not raised)
bend r15,bend,15,320.0,633.28,0.495,0.495,leaf-off (2015-05-02),assumption (crown-opacity closing; heights not raised)
bend r15,bend,15,322.0,633.28,-0.188,0.785,leaf-off (2015-05-02),assumption (crown-opacity closing; heights not raised)
bend r15,bend,15,324.0,633.28,-1.323,-0.157,leaf-off (2015-05-02),assumption (crown-opacity closing; heights not raised)
bend r15,bend,15,326.0,633.28,-1.211,-1.121,leaf-off (2015-05-02),assumption (crown-opacity closing; heights not raised)
bend r15,bend,15,328.0,633.28,-1.895,-1.805,leaf-off (2015-05-02),assumption (crown-opacity closing; heights not raised)
bend r15,bend,15,330.0,633.28,-0.848,-0.848,leaf-off (2015-05-02),assumption (crown-opacity closing; heights not raised)
bend r15,bend,15,332.0,633.28,-1.068,-1.068,leaf-off (2015-05-02),assumption (crown-opacity closing; heights not raised)
bend r15,bend,15,334.0,633.28,0.266,0.266,leaf-off (2015-05-02),assumption (crown-opacity closing; heights not raised)
bend r15,bend,15,336.0,633.28,0.674,0.896,leaf-off (2015-05-02),assumption (crown-opacity closing; heights not raised)
bend r15,bend,15,338.0,633.28,1.592,1.607,leaf-off (2015-05-02),assumption (crown-opacity closing; heights not raised)
bend r15,bend,15,340.0,633.28,1.296,1.76,leaf-off (2015-05-02),assumption (crown-opacity closing; heights not raised)
bend r15,bend,15,342.0,633.28,1.767,1.984,leaf-off (2015-05-02),assumption (crown-opacity closing; heights not raised)
bend r16,bend,16,318.0,634.69,0.701,1.615,leaf-off (2015-05-02),assumption (crown-opacity closing; heights not raised)
bend r16,bend,16,320.0,634.69,0.357,0.357,leaf-off (2015-05-02),assumption (crown-opacity closing; heights not raised)
bend r16,bend,16,322.0,634.69,-0.336,0.486,leaf-off (2015-05-02),assumption (crown-opacity closing; heights not raised)
bend r16,bend,16,324.0,634.69,-1.435,-0.304,leaf-off (2015-05-02),assumption (crown-opacity closing; heights not raised)
bend r16,bend,16,326.0,634.69,-1.351,-1.351,leaf-off (2015-05-02),assumption (crown-opacity closing; heights not raised)
bend r16,bend,16,328.0,634.69,-2.034,-2.034,leaf-off (2015-05-02),assumption (crown-opacity closing; heights not raised)
bend r16,bend,16,330.0,634.69,-1.058,-1.058,leaf-off (2015-05-02),assumption (crown-opacity closing; heights not raised)
bend r16,bend,16,332.0,634.69,-0.408,-0.408,leaf-off (2015-05-02),assumption (crown-opacity closing; heights not raised)
bend r16,bend,16,334.0,634.69,0.013,0.013,leaf-off (2015-05-02),assumption (crown-opacity closing; heights not raised)
bend r16,bend,16,336.0,634.69,0.91,0.91,leaf-off (2015-05-02),assumption (crown-opacity closing; heights not raised)
bend r16,bend,16,338.0,634.69,1.303,1.316,leaf-off (2015-05-02),assumption (crown-opacity closing; heights not raised)
bend r16,bend,16,340.0,634.69,1.026,1.385,leaf-off (2015-05-02),assumption (crown-opacity closing; heights not raised)
bend r16,bend,16,342.0,634.69,1.377,1.696,leaf-off (2015-05-02),assumption (crown-opacity closing; heights not raised)
bend r17,bend,17,318.0,636.18,0.96,1.112,leaf-off (2015-05-02),assumption (crown-opacity closing; heights not raised)
bend r17,bend,17,320.0,636.18,0.155,0.155,leaf-off (2015-05-02),assumption (crown-opacity closing; heights not raised)
bend r17,bend,17,322.0,636.18,-0.496,0.411,leaf-off (2015-05-02),assumption (crown-opacity closing; heights not raised)
bend r17,bend,17,324.0,636.18,-1.559,-0.459,leaf-off (2015-05-02),assumption (crown-opacity closing; heights not raised)
bend r17,bend,17,326.0,636.18,-1.495,-1.495,leaf-off (2015-05-02),assumption (crown-opacity closing; heights not raised)
bend r17,bend,17,328.0,636.18,-1.054,-1.002,leaf-off (2015-05-02),assumption (crown-opacity closing; heights not raised)
bend r17,bend,17,330.0,636.18,-1.123,-1.123,leaf-off (2015-05-02),assumption (crown-opacity closing; heights not raised)
bend r17,bend,17,332.0,636.18,-0.701,-0.425,leaf-off (2015-05-02),assumption (crown-opacity closing; heights not raised)
bend r17,bend,17,334.0,636.18,-0.237,-0.237,leaf-off (2015-05-02),assumption (crown-opacity closing; heights not raised)
bend r17,bend,17,336.0,636.18,0.828,0.926,leaf-off (2015-05-02),assumption (crown-opacity closing; heights not raised)
bend r17,bend,17,338.0,636.18,1.003,1.194,leaf-off (2015-05-02),assumption (crown-opacity closing; heights not raised)
bend r17,bend,17,340.0,636.18,0.799,0.802,leaf-off (2015-05-02),assumption (crown-opacity closing; heights not raised)
bend r17,bend,17,342.0,636.18,1.075,1.286,leaf-off (2015-05-02),assumption (crown-opacity closing; heights not raised)
bend r18,bend,18,318.0,637.6,0.061,0.286,leaf-off (2015-05-02),assumption (crown-opacity closing; heights not raised)
bend r18,bend,18,320.0,637.6,-0.083,0.184,leaf-off (2015-05-02),assumption (crown-opacity closing; heights not raised)
bend r18,bend,18,322.0,637.6,-0.642,0.112,leaf-off (2015-05-02),assumption (crown-opacity closing; heights not raised)
bend r18,bend,18,324.0,637.6,-1.645,-0.603,leaf-off (2015-05-02),assumption (crown-opacity closing; heights not raised)
bend r18,bend,18,326.0,637.6,-1.636,-1.636,leaf-off (2015-05-02),assumption (crown-opacity closing; heights not raised)
bend r18,bend,18,328.0,637.6,-1.241,-1.212,leaf-off (2015-05-02),assumption (crown-opacity closing; heights not raised)
bend r18,bend,18,330.0,637.6,-1.398,-1.398,leaf-off (2015-05-02),assumption (crown-opacity closing; heights not raised)
bend r18,bend,18,332.0,637.6,-0.624,-0.624,leaf-off (2015-05-02),assumption (crown-opacity closing; heights not raised)
bend r18,bend,18,334.0,637.6,-0.464,-0.464,leaf-off (2015-05-02),assumption (crown-opacity closing; heights not raised)
bend r18,bend,18,336.0,637.6,0.544,0.649,leaf-off (2015-05-02),assumption (crown-opacity closing; heights not raised)
bend r18,bend,18,338.0,637.6,0.719,0.988,leaf-off (2015-05-02),assumption (crown-opacity closing; heights not raised)
bend r18,bend,18,340.0,637.6,0.467,0.467,leaf-off (2015-05-02),assumption (crown-opacity closing; heights not raised)
bend r18,bend,18,342.0,637.6,0.772,1.084,leaf-off (2015-05-02),assumption (crown-opacity closing; heights not raised)
south r1,south,1,318.0,614.75,4.286,4.762,leaf-off (2015-05-02),assumption (crown-opacity closing; heights not raised)
south r1,south,1,320.0,614.75,4.789,4.828,leaf-off (2015-05-02),assumption (crown-opacity closing; heights not raised)
south r1,south,1,322.0,614.75,4.808,5.212,leaf-off (2015-05-02),assumption (crown-opacity closing; heights not raised)
south r1,south,1,324.0,614.75,4.909,5.152,leaf-off (2015-05-02),assumption (crown-opacity closing; heights not raised)
south r1,south,1,326.0,614.75,5.028,5.028,leaf-off (2015-05-02),assumption (crown-opacity closing; heights not raised)
south r1,south,1,328.0,614.75,3.669,5.147,leaf-off (2015-05-02),assumption (crown-opacity closing; heights not raised)
south r1,south,1,330.0,614.75,2.677,3.938,leaf-off (2015-05-02),assumption (crown-opacity closing; heights not raised)
south r1,south,1,332.0,614.75,1.021,2.136,leaf-off (2015-05-02),assumption (crown-opacity closing; heights not raised)
south r1,south,1,334.0,614.75,-0.621,-0.621,leaf-off (2015-05-02),assumption (crown-opacity closing; heights not raised)
south r1,south,1,336.0,614.75,-0.384,-0.384,leaf-off (2015-05-02),assumption (crown-opacity closing; heights not raised)
south r1,south,1,338.0,614.75,0.218,0.218,leaf-off (2015-05-02),assumption (crown-opacity closing; heights not raised)
south r1,south,1,340.0,614.75,0.204,0.204,leaf-off (2015-05-02),assumption (crown-opacity closing; heights not raised)
south r1,south,1,342.0,614.75,0.452,0.59,leaf-off (2015-05-02),assumption (crown-opacity closing; heights not raised)
south r2,south,2,318.0,615.81,3.985,4.06,leaf-off (2015-05-02),assumption (crown-opacity closing; heights not raised)
south r2,south,2,320.0,615.81,4.499,4.717,leaf-off (2015-05-02),assumption (crown-opacity closing; heights not raised)
south r2,south,2,322.0,615.81,4.722,4.98,leaf-off (2015-05-02),assumption (crown-opacity closing; heights not raised)
south r2,south,2,324.0,615.81,4.734,4.996,leaf-off (2015-05-02),assumption (crown-opacity closing; heights not raised)
south r2,south,2,326.0,615.81,4.738,4.773,leaf-off (2015-05-02),assumption (crown-opacity closing; heights not raised)
south r2,south,2,328.0,615.81,3.548,4.912,leaf-off (2015-05-02),assumption (crown-opacity closing; heights not raised)
south r2,south,2,330.0,615.81,2.414,3.801,leaf-off (2015-05-02),assumption (crown-opacity closing; heights not raised)
south r2,south,2,332.0,615.81,0.912,2.063,leaf-off (2015-05-02),assumption (crown-opacity closing; heights not raised)
south r2,south,2,334.0,615.81,-0.542,-0.542,leaf-off (2015-05-02),assumption (crown-opacity closing; heights not raised)
south r2,south,2,336.0,615.81,-0.596,-0.477,leaf-off (2015-05-02),assumption (crown-opacity closing; heights not raised)
south r2,south,2,338.0,615.81,-0.023,-0.023,leaf-off (2015-05-02),assumption (crown-opacity closing; heights not raised)
south r2,south,2,340.0,615.81,0.15,0.15,leaf-off (2015-05-02),assumption (crown-opacity closing; heights not raised)
south r2,south,2,342.0,615.81,0.429,0.56,leaf-off (2015-05-02),assumption (crown-opacity closing; heights not raised)
south r3,south,3,318.0,616.97,3.462,3.735,leaf-off (2015-05-02),assumption (crown-opacity closing; heights not raised)
south r3,south,3,320.0,616.97,4.215,4.364,leaf-off (2015-05-02),assumption (crown-opacity closing; heights not raised)
south r3,south,3,322.0,616.97,4.481,4.88,leaf-off (2015-05-02),assumption (crown-opacity closing; heights not raised)
south r3,south,3,324.0,616.97,4.58,4.905,leaf-off (2015-05-02),assumption (crown-opacity closing; heights not raised)
south r3,south,3,326.0,616.97,4.568,4.822,leaf-off (2015-05-02),assumption (crown-opacity closing; heights not raised)
south r3,south,3,328.0,616.97,3.375,3.375,leaf-off (2015-05-02),assumption (crown-opacity closing; heights not raised)
south r3,south,3,330.0,616.97,2.287,3.552,leaf-off (2015-05-02),assumption (crown-opacity closing; heights not raised)
south r3,south,3,332.0,616.97,0.614,1.819,leaf-off (2015-05-02),assumption (crown-opacity closing; heights not raised)
south r3,south,3,334.0,616.97,-0.621,-0.621,leaf-off (2015-05-02),assumption (crown-opacity closing; heights not raised)
south r3,south,3,336.0,616.97,-0.764,-0.622,leaf-off (2015-05-02),assumption (crown-opacity closing; heights not raised)
south r3,south,3,338.0,616.97,-0.197,-0.197,leaf-off (2015-05-02),assumption (crown-opacity closing; heights not raised)
south r3,south,3,340.0,616.97,-0.023,0.001,leaf-off (2015-05-02),assumption (crown-opacity closing; heights not raised)
south r3,south,3,342.0,616.97,0.206,0.468,leaf-off (2015-05-02),assumption (crown-opacity closing; heights not raised)
south r4,south,4,318.0,618.13,2.903,3.296,leaf-off (2015-05-02),assumption (crown-opacity closing; heights not raised)
south r4,south,4,320.0,618.13,3.889,4.386,leaf-off (2015-05-02),assumption (crown-opacity closing; heights not raised)
south r4,south,4,322.0,618.13,4.365,4.581,leaf-off (2015-05-02),assumption (crown-opacity closing; heights not raised)
south r4,south,4,324.0,618.13,4.491,4.696,leaf-off (2015-05-02),assumption (crown-opacity closing; heights not raised)
south r4,south,4,326.0,618.13,4.444,4.622,leaf-off (2015-05-02),assumption (crown-opacity closing; heights not raised)
south r4,south,4,328.0,618.13,3.211,3.211,leaf-off (2015-05-02),assumption (crown-opacity closing; heights not raised)
south r4,south,4,330.0,618.13,2.145,2.145,leaf-off (2015-05-02),assumption (crown-opacity closing; heights not raised)
south r4,south,4,332.0,618.13,0.424,0.424,leaf-off (2015-05-02),assumption (crown-opacity closing; heights not raised)
south r4,south,4,334.0,618.13,-0.117,0.577,leaf-off (2015-05-02),assumption (crown-opacity closing; heights not raised)
south r4,south,4,336.0,618.13,-0.462,-0.462,leaf-off (2015-05-02),assumption (crown-opacity closing; heights not raised)
south r4,south,4,338.0,618.13,-0.374,-0.374,leaf-off (2015-05-02),assumption (crown-opacity closing; heights not raised)
south r4,south,4,340.0,618.13,-0.193,-0.143,leaf-off (2015-05-02),assumption (crown-opacity closing; heights not raised)
south r4,south,4,342.0,618.13,-0.022,0.364,leaf-off (2015-05-02),assumption (crown-opacity closing; heights not raised)
south r6,south,6,318.0,620.67,1.652,2.058,leaf-off (2015-05-02),assumption (crown-opacity closing; heights not raised)
south r6,south,6,320.0,620.67,3.184,3.474,leaf-off (2015-05-02),assumption (crown-opacity closing; heights not raised)
south r6,south,6,322.0,620.67,3.614,3.797,leaf-off (2015-05-02),assumption (crown-opacity closing; heights not raised)
south r6,south,6,324.0,620.67,3.885,3.984,leaf-off (2015-05-02),assumption (crown-opacity closing; heights not raised)
south r6,south,6,326.0,620.67,3.874,3.963,leaf-off (2015-05-02),assumption (crown-opacity closing; heights not raised)
south r6,south,6,328.0,620.67,2.99,2.99,leaf-off (2015-05-02),assumption (crown-opacity closing; heights not raised)
south r6,south,6,330.0,620.67,2.665,3.291,leaf-off (2015-05-02),assumption (crown-opacity closing; heights not raised)
south r6,south,6,332.0,620.67,1.397,2.247,leaf-off (2015-05-02),assumption (crown-opacity closing; heights not raised)
south r6,south,6,334.0,620.67,-0.222,0.656,leaf-off (2015-05-02),assumption (crown-opacity closing; heights not raised)
south r6,south,6,336.0,620.67,-0.693,-0.099,leaf-off (2015-05-02),assumption (crown-opacity closing; heights not raised)
south r6,south,6,338.0,620.67,-0.857,-0.404,leaf-off (2015-05-02),assumption (crown-opacity closing; heights not raised)
south r6,south,6,340.0,620.67,-0.652,-0.569,leaf-off (2015-05-02),assumption (crown-opacity closing; heights not raised)
south r6,south,6,342.0,620.67,-0.223,-0.107,leaf-off (2015-05-02),assumption (crown-opacity closing; heights not raised)
south r7,south,7,318.0,622.0,1.238,1.238,leaf-off (2015-05-02),assumption (crown-opacity closing; heights not raised)
south r7,south,7,320.0,622.0,2.832,2.955,leaf-off (2015-05-02),assumption (crown-opacity closing; heights not raised)
south r7,south,7,322.0,622.0,3.235,3.546,leaf-off (2015-05-02),assumption (crown-opacity closing; heights not raised)
south r7,south,7,324.0,622.0,3.709,3.773,leaf-off (2015-05-02),assumption (crown-opacity closing; heights not raised)
south r7,south,7,326.0,622.0,3.631,3.631,leaf-off (2015-05-02),assumption (crown-opacity closing; heights not raised)
south r7,south,7,328.0,622.0,2.919,3.54,leaf-off (2015-05-02),assumption (crown-opacity closing; heights not raised)
south r7,south,7,330.0,622.0,2.674,3.524,leaf-off (2015-05-02),assumption (crown-opacity closing; heights not raised)
south r7,south,7,332.0,622.0,1.327,2.169,leaf-off (2015-05-02),assumption (crown-opacity closing; heights not raised)
south r7,south,7,334.0,622.0,-0.364,1.039,leaf-off (2015-05-02),assumption (crown-opacity closing; heights not raised)
south r7,south,7,336.0,622.0,-0.928,-0.527,leaf-off (2015-05-02),assumption (crown-opacity closing; heights not raised)
south r7,south,7,338.0,622.0,-0.982,-0.563,leaf-off (2015-05-02),assumption (crown-opacity closing; heights not raised)
south r7,south,7,340.0,622.0,-1.043,-0.96,leaf-off (2015-05-02),assumption (crown-opacity closing; heights not raised)
south r7,south,7,342.0,622.0,-0.301,-0.123,leaf-off (2015-05-02),assumption (crown-opacity closing; heights not raised)
south r8,south,8,318.0,623.24,1.503,1.728,leaf-off (2015-05-02),assumption (crown-opacity closing; heights not raised)
south r8,south,8,320.0,623.24,2.456,2.469,leaf-off (2015-05-02),assumption (crown-opacity closing; heights not raised)
south r8,south,8,322.0,623.24,3.145,3.401,leaf-off (2015-05-02),assumption (crown-opacity closing; heights not raised)
south r8,south,8,324.0,623.24,3.397,3.437,leaf-off (2015-05-02),assumption (crown-opacity closing; heights not raised)
south r8,south,8,326.0,623.24,3.494,3.542,leaf-off (2015-05-02),assumption (crown-opacity closing; heights not raised)
south r8,south,8,328.0,623.24,2.901,3.528,leaf-off (2015-05-02),assumption (crown-opacity closing; heights not raised)
south r8,south,8,330.0,623.24,2.613,3.34,leaf-off (2015-05-02),assumption (crown-opacity closing; heights not raised)
south r8,south,8,332.0,623.24,1.336,2.16,leaf-off (2015-05-02),assumption (crown-opacity closing; heights not raised)
south r8,south,8,334.0,623.24,-0.76,0.854,leaf-off (2015-05-02),assumption (crown-opacity closing; heights not raised)
south r8,south,8,336.0,623.24,-1.064,-0.577,leaf-off (2015-05-02),assumption (crown-opacity closing; heights not raised)
south r8,south,8,338.0,623.24,-1.208,-1.208,leaf-off (2015-05-02),assumption (crown-opacity closing; heights not raised)
south r8,south,8,340.0,623.24,-1.231,-1.187,leaf-off (2015-05-02),assumption (crown-opacity closing; heights not raised)
south r8,south,8,342.0,623.24,-0.46,-0.293,leaf-off (2015-05-02),assumption (crown-opacity closing; heights not raised)
south r11,south,11,318.0,627.32,1.221,1.997,leaf-off (2015-05-02),assumption (crown-opacity closing; heights not raised)
south r11,south,11,320.0,627.32,1.186,2.148,leaf-off (2015-05-02),assumption (crown-opacity closing; heights not raised)
south r11,south,11,322.0,627.32,2.311,2.578,leaf-off (2015-05-02),assumption (crown-opacity closing; heights not raised)
south r11,south,11,324.0,627.32,2.801,2.839,leaf-off (2015-05-02),assumption (crown-opacity closing; heights not raised)
south r11,south,11,326.0,627.32,2.987,3.035,leaf-off (2015-05-02),assumption (crown-opacity closing; heights not raised)
south r11,south,11,328.0,627.32,2.843,2.843,leaf-off (2015-05-02),assumption (crown-opacity closing; heights not raised)
south r11,south,11,330.0,627.32,1.762,2.614,leaf-off (2015-05-02),assumption (crown-opacity closing; heights not raised)
south r11,south,11,332.0,627.32,0.678,1.682,leaf-off (2015-05-02),assumption (crown-opacity closing; heights not raised)
south r11,south,11,334.0,627.32,-0.598,-0.121,leaf-off (2015-05-02),assumption (crown-opacity closing; heights not raised)
south r11,south,11,336.0,627.32,-1.102,-0.414,leaf-off (2015-05-02),assumption (crown-opacity closing; heights not raised)
south r11,south,11,338.0,627.32,-1.757,-1.757,leaf-off (2015-05-02),assumption (crown-opacity closing; heights not raised)
south r11,south,11,340.0,627.32,-1.604,-1.552,leaf-off (2015-05-02),assumption (crown-opacity closing; heights not raised)
south r11,south,11,342.0,627.32,-0.965,-0.871,leaf-off (2015-05-02),assumption (crown-opacity closing; heights not raised)
south r12,south,12,318.0,628.74,1.027,1.797,leaf-off (2015-05-02),assumption (crown-opacity closing; heights not raised)
south r12,south,12,320.0,628.74,1.003,1.896,leaf-off (2015-05-02),assumption (crown-opacity closing; heights not raised)
south r12,south,12,322.0,628.74,2.138,2.171,leaf-off (2015-05-02),assumption (crown-opacity closing; heights not raised)
south r12,south,12,324.0,628.74,2.616,2.658,leaf-off (2015-05-02),assumption (crown-opacity closing; heights not raised)
south r12,south,12,326.0,628.74,2.788,2.83,leaf-off (2015-05-02),assumption (crown-opacity closing; heights not raised)
south r12,south,12,328.0,628.74,2.632,2.632,leaf-off (2015-05-02),assumption (crown-opacity closing; heights not raised)
south r12,south,12,330.0,628.74,1.369,2.339,leaf-off (2015-05-02),assumption (crown-opacity closing; heights not raised)
south r12,south,12,332.0,628.74,0.608,0.608,leaf-off (2015-05-02),assumption (crown-opacity closing; heights not raised)
south r12,south,12,334.0,628.74,-0.367,0.197,leaf-off (2015-05-02),assumption (crown-opacity closing; heights not raised)
south r12,south,12,336.0,628.74,-1.192,-0.451,leaf-off (2015-05-02),assumption (crown-opacity closing; heights not raised)
south r12,south,12,338.0,628.74,-1.84,-1.84,leaf-off (2015-05-02),assumption (crown-opacity closing; heights not raised)
south r12,south,12,340.0,628.74,-1.593,-1.542,leaf-off (2015-05-02),assumption (crown-opacity closing; heights not raised)
south r12,south,12,342.0,628.74,-1.137,-0.879,leaf-off (2015-05-02),assumption (crown-opacity closing; heights not raised)
south r13,south,13,318.0,630.24,0.806,1.123,leaf-off (2015-05-02),assumption (crown-opacity closing; heights not raised)
south r13,south,13,320.0,630.24,1.538,1.666,leaf-off (2015-05-02),assumption (crown-opacity closing; heights not raised)
south r13,south,13,322.0,630.24,1.913,1.992,leaf-off (2015-05-02),assumption (crown-opacity closing; heights not raised)
south r13,south,13,324.0,630.24,2.424,2.424,leaf-off (2015-05-02),assumption (crown-opacity closing; heights not raised)
south r13,south,13,326.0,630.24,2.563,2.629,leaf-off (2015-05-02),assumption (crown-opacity closing; heights not raised)
south r13,south,13,328.0,630.24,2.263,2.468,leaf-off (2015-05-02),assumption (crown-opacity closing; heights not raised)
south r13,south,13,330.0,630.24,0.908,2.418,leaf-off (2015-05-02),assumption (crown-opacity closing; heights not raised)
south r13,south,13,332.0,630.24,0.246,0.246,leaf-off (2015-05-02),assumption (crown-opacity closing; heights not raised)
south r13,south,13,334.0,630.24,-0.287,0.124,leaf-off (2015-05-02),assumption (crown-opacity closing; heights not raised)
south r13,south,13,336.0,630.24,-1.493,-0.649,leaf-off (2015-05-02),assumption (crown-opacity closing; heights not raised)
south r13,south,13,338.0,630.24,-1.963,-1.963,leaf-off (2015-05-02),assumption (crown-opacity closing; heights not raised)
south r13,south,13,340.0,630.24,-1.721,-1.29,leaf-off (2015-05-02),assumption (crown-opacity closing; heights not raised)
south r13,south,13,342.0,630.24,-1.309,-1.134,leaf-off (2015-05-02),assumption (crown-opacity closing; heights not raised)
south r14,south,14,318.0,631.78,1.404,1.714,leaf-off (2015-05-02),assumption (crown-opacity closing; heights not raised)
south r14,south,14,320.0,631.78,1.261,1.47,leaf-off (2015-05-02),assumption (crown-opacity closing; heights not raised)
south r14,south,14,322.0,631.78,1.583,1.78,leaf-off (2015-05-02),assumption (crown-opacity closing; heights not raised)
south r14,south,14,324.0,631.78,2.207,2.29,leaf-off (2015-05-02),assumption (crown-opacity closing; heights not raised)
south r14,south,14,326.0,631.78,2.291,2.291,leaf-off (2015-05-02),assumption (crown-opacity closing; heights not raised)
south r14,south,14,328.0,631.78,2.041,2.041,leaf-off (2015-05-02),assumption (crown-opacity closing; heights not raised)
south r14,south,14,330.0,631.78,0.499,2.162,leaf-off (2015-05-02),assumption (crown-opacity closing; heights not raised)
south r14,south,14,332.0,631.78,0.65,0.65,leaf-off (2015-05-02),assumption (crown-opacity closing; heights not raised)
south r14,south,14,334.0,631.78,-0.471,-0.092,leaf-off (2015-05-02),assumption (crown-opacity closing; heights not raised)
south r14,south,14,336.0,631.78,-1.652,-0.799,leaf-off (2015-05-02),assumption (crown-opacity closing; heights not raised)
south r14,south,14,338.0,631.78,-2.134,-2.134,leaf-off (2015-05-02),assumption (crown-opacity closing; heights not raised)
south r14,south,14,340.0,631.78,-1.828,-1.457,leaf-off (2015-05-02),assumption (crown-opacity closing; heights not raised)
south r14,south,14,342.0,631.78,-1.581,-1.374,leaf-off (2015-05-02),assumption (crown-opacity closing; heights not raised)
south r15,south,15,318.0,633.28,1.004,1.072,leaf-off (2015-05-02),assumption (crown-opacity closing; heights not raised)
south r15,south,15,320.0,633.28,1.159,1.213,leaf-off (2015-05-02),assumption (crown-opacity closing; heights not raised)
south r15,south,15,322.0,633.28,1.344,1.589,leaf-off (2015-05-02),assumption (crown-opacity closing; heights not raised)
south r15,south,15,324.0,633.28,1.994,2.023,leaf-off (2015-05-02),assumption (crown-opacity closing; heights not raised)
south r15,south,15,326.0,633.28,2.052,2.052,leaf-off (2015-05-02),assumption (crown-opacity closing; heights not raised)
south r15,south,15,328.0,633.28,1.797,1.797,leaf-off (2015-05-02),assumption (crown-opacity closing; heights not raised)
south r15,south,15,330.0,633.28,0.335,1.925,leaf-off (2015-05-02),assumption (crown-opacity closing; heights not raised)
south r15,south,15,332.0,633.28,0.611,0.611,leaf-off (2015-05-02),assumption (crown-opacity closing; heights not raised)
south r15,south,15,334.0,633.28,-0.542,0.403,leaf-off (2015-05-02),assumption (crown-opacity closing; heights not raised)
south r15,south,15,336.0,633.28,-1.792,-0.977,leaf-off (2015-05-02),assumption (crown-opacity closing; heights not raised)
south r15,south,15,338.0,633.28,-2.258,-2.258,leaf-off (2015-05-02),assumption (crown-opacity closing; heights not raised)
south r15,south,15,340.0,633.28,-1.948,-1.764,leaf-off (2015-05-02),assumption (crown-opacity closing; heights not raised)
south r15,south,15,342.0,633.28,-1.719,-1.353,leaf-off (2015-05-02),assumption (crown-opacity closing; heights not raised)
south r16,south,16,318.0,634.69,0.563,1.057,leaf-off (2015-05-02),assumption (crown-opacity closing; heights not raised)
south r16,south,16,320.0,634.69,0.639,1.038,leaf-off (2015-05-02),assumption (crown-opacity closing; heights not raised)
south r16,south,16,322.0,634.69,1.067,1.146,leaf-off (2015-05-02),assumption (crown-opacity closing; heights not raised)
south r16,south,16,324.0,634.69,1.774,1.794,leaf-off (2015-05-02),assumption (crown-opacity closing; heights not raised)
south r16,south,16,326.0,634.69,1.746,1.746,leaf-off (2015-05-02),assumption (crown-opacity closing; heights not raised)
south r16,south,16,328.0,634.69,1.516,1.762,leaf-off (2015-05-02),assumption (crown-opacity closing; heights not raised)
south r16,south,16,330.0,634.69,0.144,0.616,leaf-off (2015-05-02),assumption (crown-opacity closing; heights not raised)
south r16,south,16,332.0,634.69,0.721,0.823,leaf-off (2015-05-02),assumption (crown-opacity closing; heights not raised)
south r16,south,16,334.0,634.69,-0.695,-0.113,leaf-off (2015-05-02),assumption (crown-opacity closing; heights not raised)
south r16,south,16,336.0,634.69,-1.955,-1.217,leaf-off (2015-05-02),assumption (crown-opacity closing; heights not raised)
south r16,south,16,338.0,634.69,-2.282,-2.269,leaf-off (2015-05-02),assumption (crown-opacity closing; heights not raised)
south r16,south,16,340.0,634.69,-2.068,-2.019,leaf-off (2015-05-02),assumption (crown-opacity closing; heights not raised)
south r16,south,16,342.0,634.69,-1.818,-1.624,leaf-off (2015-05-02),assumption (crown-opacity closing; heights not raised)
south r17,south,17,318.0,636.24,0.251,1.076,leaf-off (2015-05-02),assumption (crown-opacity closing; heights not raised)
south r17,south,17,320.0,636.24,0.423,0.934,leaf-off (2015-05-02),assumption (crown-opacity closing; heights not raised)
south r17,south,17,322.0,636.24,1.201,1.201,leaf-off (2015-05-02),assumption (crown-opacity closing; heights not raised)
south r17,south,17,324.0,636.24,1.566,1.566,leaf-off (2015-05-02),assumption (crown-opacity closing; heights not raised)
south r17,south,17,326.0,636.24,1.373,1.373,leaf-off (2015-05-02),assumption (crown-opacity closing; heights not raised)
south r17,south,17,328.0,636.24,1.16,1.521,leaf-off (2015-05-02),assumption (crown-opacity closing; heights not raised)
south r17,south,17,330.0,636.24,0.097,0.419,leaf-off (2015-05-02),assumption (crown-opacity closing; heights not raised)
south r17,south,17,332.0,636.24,0.501,0.501,leaf-off (2015-05-02),assumption (crown-opacity closing; heights not raised)
south r17,south,17,334.0,636.24,-0.787,-0.223,leaf-off (2015-05-02),assumption (crown-opacity closing; heights not raised)
south r17,south,17,336.0,636.24,-1.912,-1.912,leaf-off (2015-05-02),assumption (crown-opacity closing; heights not raised)
south r17,south,17,338.0,636.24,-2.434,-2.434,leaf-off (2015-05-02),assumption (crown-opacity closing; heights not raised)
south r17,south,17,340.0,636.24,-2.197,-2.148,leaf-off (2015-05-02),assumption (crown-opacity closing; heights not raised)
south r17,south,17,342.0,636.24,-1.945,-1.721,leaf-off (2015-05-02),assumption (crown-opacity closing; heights not raised)
south r18,south,18,318.0,637.61,-0.138,0.942,leaf-off (2015-05-02),assumption (crown-opacity closing; heights not raised)
south r18,south,18,320.0,637.61,0.105,0.684,leaf-off (2015-05-02),assumption (crown-opacity closing; heights not raised)
south r18,south,18,322.0,637.61,0.952,0.986,leaf-off (2015-05-02),assumption (crown-opacity closing; heights not raised)
south r18,south,18,324.0,637.61,1.261,1.261,leaf-off (2015-05-02),assumption (crown-opacity closing; heights not raised)
south r18,south,18,326.0,637.61,1.208,1.208,leaf-off (2015-05-02),assumption (crown-opacity closing; heights not raised)
south r18,south,18,328.0,637.61,1.124,1.287,leaf-off (2015-05-02),assumption (crown-opacity closing; heights not raised)
south r18,south,18,330.0,637.61,0.213,0.348,leaf-off (2015-05-02),assumption (crown-opacity closing; heights not raised)
south r18,south,18,332.0,637.61,0.234,0.234,leaf-off (2015-05-02),assumption (crown-opacity closing; heights not raised)
south r18,south,18,334.0,637.61,-0.934,-0.285,leaf-off (2015-05-02),assumption (crown-opacity closing; heights not raised)
south r18,south,18,336.0,637.61,-1.921,-1.921,leaf-off (2015-05-02),assumption (crown-opacity closing; heights not raised)
south r18,south,18,338.0,637.61,-2.389,-2.13,leaf-off (2015-05-02),assumption (crown-opacity closing; heights not raised)
south r18,south,18,340.0,637.61,-2.302,-2.253,leaf-off (2015-05-02),assumption (crown-opacity closing; heights not raised)
south r18,south,18,342.0,637.61,-2.023,-1.77,leaf-off (2015-05-02),assumption (crown-opacity closing; heights not raised)
