band_key,az,blocked_pct
east r1,280.0,100.0
east r1,282.0,100.0
east r1,284.0,100.0
east r1,286.0,100.0
east r1,288.0,100.0
east r1,290.0,100.0
east r1,292.0,100.0
east r1,294.0,100.0
east r1,296.0,100.0
east r1,298.0,100.0
east r1,300.0,100.0
east r1,302.0,100.0
east r1,304.0,100.0
east r1,306.0,100.0
east r1,308.0,100.0
east r1,310.0,100.0
east r1,312.0,100.0
east r1,314.0,100.0
east r1,316.0,100.0
east r1,318.0,100.0
east r1,320.0,100.0
east r1,322.0,100.0
east r1,324.0,100.0
east r1,326.0,100.0
east r1,328.0,100.0
east r1,330.0,100.0
east r1,332.0,100.0
east r1,334.0,100.0
east r1,336.0,100.0
east r1,338.0,100.0
east r1,340.0,100.0
east r1,342.0,100.0
east r1,344.0,100.0
east r1,346.0,100.0
east r1,348.0,100.0
east r1,350.0,100.0
east r1,352.0,100.0
east r1,354.0,100.0
east r1,356.0,100.0
east r1,358.0,100.0
east r1,360.0,100.0
east r2,280.0,100.0
east r2,282.0,100.0
east r2,284.0,100.0
east r2,286.0,100.0
east r2,288.0,100.0
east r2,290.0,100.0
east r2,292.0,100.0
east r2,294.0,100.0
east r2,296.0,100.0
east r2,298.0,100.0
east r2,300.0,100.0
east r2,302.0,100.0
east r2,304.0,100.0
east r2,306.0,100.0
east r2,308.0,100.0
east r2,310.0,100.0
east r2,312.0,100.0
east r2,314.0,100.0
east r2,316.0,100.0
east r2,318.0,100.0
east r2,320.0,100.0
east r2,322.0,100.0
east r2,324.0,100.0
east r2,326.0,100.0
east r2,328.0,100.0
east r2,330.0,100.0
east r2,332.0,100.0
east r2,334.0,100.0
east r2,336.0,100.0
east r2,338.0,100.0
east r2,340.0,100.0
east r2,342.0,100.0
east r2,344.0,100.0
east r2,346.0,100.0
east r2,348.0,100.0
east r2,350.0,100.0
east r2,352.0,100.0
east r2,354.0,100.0
east r2,356.0,100.0
east r2,358.0,100.0
east r2,360.0,100.0
east r3,280.0,100.0
east r3,282.0,100.0
east r3,284.0,100.0
east r3,286.0,100.0
east r3,288.0,100.0
east r3,290.0,100.0
east r3,292.0,100.0
east r3,294.0,100.0
east r3,296.0,100.0
east r3,298.0,100.0
east r3,300.0,100.0
east r3,302.0,100.0
east r3,304.0,100.0
east r3,306.0,100.0
east r3,308.0,100.0
east r3,310.0,100.0
east r3,312.0,100.0
east r3,314.0,100.0
east r3,316.0,100.0
east r3,318.0,100.0
east r3,320.0,100.0
east r3,322.0,100.0
east r3,324.0,100.0
east r3,326.0,100.0
east r3,328.0,100.0
east r3,330.0,100.0
east r3,332.0,100.0
east r3,334.0,100.0
east r3,336.0,100.0
east r3,338.0,100.0
east r3,340.0,100.0
east r3,342.0,100.0
east r3,344.0,100.0
east r3,346.0,100.0
east r3,348.0,100.0
east r3,350.0,100.0
east r3,352.0,100.0
east r3,354.0,100.0
east r3,356.0,100.0
east r3,358.0,100.0
east r3,360.0,100.0
east r4,280.0,100.0
east r4,282.0,100.0
east r4,284.0,100.0
east r4,286.0,100.0
east r4,288.0,100.0
east r4,290.0,100.0
east r4,292.0,100.0
east r4,294.0,100.0
east r4,296.0,100.0
east r4,298.0,100.0
east r4,300.0,100.0
east r4,302.0,100.0
east r4,304.0,100.0
east r4,306.0,100.0
east r4,308.0,100.0
east r4,310.0,100.0
east r4,312.0,100.0
east r4,314.0,100.0
east r4,316.0,100.0
east r4,318.0,100.0
east r4,320.0,100.0
east r4,322.0,100.0
east r4,324.0,100.0
east r4,326.0,100.0
east r4,328.0,100.0
east r4,330.0,100.0
east r4,332.0,100.0
east r4,334.0,100.0
east r4,336.0,100.0
east r4,338.0,100.0
east r4,340.0,100.0
east r4,342.0,100.0
east r4,344.0,100.0
east r4,346.0,100.0
east r4,348.0,100.0
east r4,350.0,100.0
east r4,352.0,100.0
east r4,354.0,100.0
east r4,356.0,100.0
east r4,358.0,100.0
east r4,360.0,100.0
east r6,280.0,100.0
east r6,282.0,100.0
east r6,284.0,100.0
east r6,286.0,66.7
east r6,288.0,33.3
east r6,290.0,0.0
east r6,292.0,0.0
east r6,294.0,0.0
east r6,296.0,0.0
east r6,298.0,0.0
east r6,300.0,0.0
east r6,302.0,0.0
east r6,304.0,0.0
east r6,306.0,0.0
east r6,308.0,0.0
east r6,310.0,33.3
east r6,312.0,66.7
east r6,314.0,66.7
east r6,316.0,100.0
east r6,318.0,100.0
east r6,320.0,100.0
east r6,322.0,100.0
east r6,324.0,100.0
east r6,326.0,100.0
east r6,328.0,100.0
east r6,330.0,100.0
east r6,332.0,100.0
east r6,334.0,100.0
east r6,336.0,100.0
east r6,338.0,100.0
east r6,340.0,100.0
east r6,342.0,100.0
east r6,344.0,100.0
east r6,346.0,100.0
east r6,348.0,100.0
east r6,350.0,100.0
east r6,352.0,100.0
east r6,354.0,100.0
east r6,356.0,100.0
east r6,358.0,100.0
east r6,360.0,100.0
east r7,280.0,66.7
east r7,282.0,66.7
east r7,284.0,66.7
east r7,286.0,66.7
east r7,288.0,33.3
east r7,290.0,0.0
east r7,292.0,0.0
east r7,294.0,0.0
east r7,296.0,0.0
east r7,298.0,0.0
east r7,300.0,0.0
east r7,302.0,0.0
east r7,304.0,0.0
east r7,306.0,0.0
east r7,308.0,0.0
east r7,310.0,0.0
east r7,312.0,0.0
east r7,314.0,33.3
east r7,316.0,33.3
east r7,318.0,66.7
east r7,320.0,100.0
east r7,322.0,100.0
east r7,324.0,100.0
east r7,326.0,100.0
east r7,328.0,100.0
east r7,330.0,100.0
east r7,332.0,100.0
east r7,334.0,100.0
east r7,336.0,100.0
east r7,338.0,100.0
east r7,340.0,100.0
east r7,342.0,100.0
east r7,344.0,100.0
east r7,346.0,100.0
east r7,348.0,100.0
east r7,350.0,100.0
east r7,352.0,100.0
east r7,354.0,100.0
east r7,356.0,100.0
east r7,358.0,100.0
east r7,360.0,100.0
east r8,280.0,66.7
east r8,282.0,66.7
east r8,284.0,33.3
east r8,286.0,33.3
east r8,288.0,0.0
east r8,290.0,0.0
east r8,292.0,0.0
east r8,294.0,0.0
east r8,296.0,0.0
east r8,298.0,0.0
east r8,300.0,0.0
east r8,302.0,0.0
east r8,304.0,0.0
east r8,306.0,0.0
east r8,308.0,0.0
east r8,310.0,0.0
east r8,312.0,0.0
east r8,314.0,0.0
east r8,316.0,0.0
east r8,318.0,0.0
east r8,320.0,33.3
east r8,322.0,66.7
east r8,324.0,66.7
east r8,326.0,100.0
east r8,328.0,100.0
east r8,330.0,100.0
east r8,332.0,100.0
east r8,334.0,100.0
east r8,336.0,100.0
east r8,338.0,100.0
east r8,340.0,100.0
east r8,342.0,100.0
east r8,344.0,100.0
east r8,346.0,100.0
east r8,348.0,100.0
east r8,350.0,100.0
east r8,352.0,100.0
east r8,354.0,100.0
east r8,356.0,100.0
east r8,358.0,100.0
east r8,360.0,100.0
east r11,280.0,0.0
east r11,282.0,0.0
east r11,284.0,0.0
east r11,286.0,0.0
east r11,288.0,0.0
east r11,290.0,0.0
east r11,292.0,0.0
east r11,294.0,0.0
east r11,296.0,0.0
east r11,298.0,0.0
east r11,300.0,0.0
east r11,302.0,0.0
east r11,304.0,0.0
east r11,306.0,0.0
east r11,308.0,0.0
east r11,310.0,0.0
east r11,312.0,0.0
east r11,314.0,0.0
east r11,316.0,0.0
east r11,318.0,0.0
east r11,320.0,0.0
east r11,322.0,0.0
east r11,324.0,0.0
east r11,326.0,0.0
east r11,328.0,0.0
east r11,330.0,0.0
east r11,332.0,0.0
east r11,334.0,0.0
east r11,336.0,0.0
east r11,338.0,0.0
east r11,340.0,0.0
east r11,342.0,33.3
east r11,344.0,66.7
east r11,346.0,100.0
east r11,348.0,100.0
east r11,350.0,100.0
east r11,352.0,100.0
east r11,354.0,100.0
east r11,356.0,100.0
east r11,358.0,100.0
east r11,360.0,100.0
east r12,280.0,0.0
east r12,282.0,0.0
east r12,284.0,0.0
east r12,286.0,0.0
east r12,288.0,0.0
east r12,290.0,0.0
east r12,292.0,0.0
east r12,294.0,0.0
east r12,296.0,0.0
east r12,298.0,0.0
east r12,300.0,0.0
east r12,302.0,0.0
east r12,304.0,0.0
east r12,306.0,0.0
east r12,308.0,0.0
east r12,310.0,0.0
east r12,312.0,0.0
east r12,314.0,0.0
east r12,316.0,0.0
east r12,318.0,0.0
east r12,320.0,0.0
east r12,322.0,0.0
east r12,324.0,0.0
east r12,326.0,0.0
east r12,328.0,0.0
east r12,330.0,0.0
east r12,332.0,0.0
east r12,334.0,0.0
east r12,336.0,0.0
east r12,338.0,0.0
east r12,340.0,0.0
east r12,342.0,0.0
east r12,344.0,0.0
east r12,346.0,0.0
east r12,348.0,0.0
east r12,350.0,0.0
east r12,352.0,0.0
east r12,354.0,66.7
east r12,356.0,100.0
east r12,358.0,100.0
east r12,360.0,100.0
east r13,280.0,0.0
east r13,282.0,0.0
east r13,284.0,0.0
east r13,286.0,0.0
east r13,288.0,0.0
east r13,290.0,0.0
east r13,292.0,0.0
east r13,294.0,0.0
east r13,296.0,0.0
east r13,298.0,0.0
east r13,300.0,0.0
east r13,302.0,0.0
east r13,304.0,0.0
east r13,306.0,0.0
east r13,308.0,0.0
east r13,310.0,0.0
east r13,312.0,0.0
east r13,314.0,0.0
east r13,316.0,0.0
east r13,318.0,0.0
east r13,320.0,0.0
east r13,322.0,0.0
east r13,324.0,0.0
east r13,326.0,0.0
east r13,328.0,0.0
east r13,330.0,0.0
east r13,332.0,0.0
east r13,334.0,0.0
east r13,336.0,0.0
east r13,338.0,0.0
east r13,340.0,0.0
east r13,342.0,0.0
east r13,344.0,0.0
east r13,346.0,0.0
east r13,348.0,0.0
east r13,350.0,0.0
east r13,352.0,0.0
east r13,354.0,0.0
east r13,356.0,0.0
east r13,358.0,0.0
east r13,360.0,0.0
east r14,280.0,0.0
east r14,282.0,0.0
east r14,284.0,0.0
east r14,286.0,0.0
east r14,288.0,0.0
east r14,290.0,0.0
east r14,292.0,0.0
east r14,294.0,0.0
east r14,296.0,0.0
east r14,298.0,0.0
east r14,300.0,0.0
east r14,302.0,0.0
east r14,304.0,0.0
east r14,306.0,0.0
east r14,308.0,0.0
east r14,310.0,0.0
east r14,312.0,0.0
east r14,314.0,0.0
east r14,316.0,0.0
east r14,318.0,0.0
east r14,320.0,0.0
east r14,322.0,0.0
east r14,324.0,0.0
east r14,326.0,0.0
east r14,328.0,0.0
east r14,330.0,0.0
east r14,332.0,0.0
east r14,334.0,0.0
east r14,336.0,0.0
east r14,338.0,0.0
east r14,340.0,0.0
east r14,342.0,0.0
east r14,344.0,0.0
east r14,346.0,0.0
east r14,348.0,0.0
east r14,350.0,0.0
east r14,352.0,0.0
east r14,354.0,0.0
east r14,356.0,0.0
east r14,358.0,0.0
east r14,360.0,0.0
east r15,280.0,0.0
east r15,282.0,0.0
east r15,284.0,0.0
east r15,286.0,0.0
east r15,288.0,0.0
east r15,290.0,0.0
east r15,292.0,0.0
east r15,294.0,0.0
east r15,296.0,0.0
east r15,298.0,0.0
east r15,300.0,0.0
east r15,302.0,0.0
east r15,304.0,0.0
east r15,306.0,0.0
east r15,308.0,0.0
east r15,310.0,0.0
east r15,312.0,0.0
east r15,314.0,0.0
east r15,316.0,0.0
east r15,318.0,0.0
east r15,320.0,0.0
east r15,322.0,0.0
east r15,324.0,0.0
east r15,326.0,0.0
east r15,328.0,0.0
east r15,330.0,0.0
east r15,332.0,0.0
east r15,334.0,0.0
east r15,336.0,0.0
east r15,338.0,0.0
east r15,340.0,0.0
east r15,342.0,0.0
east r15,344.0,0.0
east r15,346.0,0.0
east r15,348.0,0.0
east r15,350.0,0.0
east r15,352.0,0.0
east r15,354.0,0.0
east r15,356.0,0.0
east r15,358.0,0.0
east r15,360.0,0.0
east r16,280.0,0.0
east r16,282.0,0.0
east r16,284.0,0.0
east r16,286.0,0.0
east r16,288.0,0.0
east r16,290.0,0.0
east r16,292.0,0.0
east r16,294.0,0.0
east r16,296.0,0.0
east r16,298.0,0.0
east r16,300.0,0.0
east r16,302.0,0.0
east r16,304.0,0.0
east r16,306.0,0.0
east r16,308.0,0.0
east r16,310.0,0.0
east r16,312.0,0.0
east r16,314.0,0.0
east r16,316.0,0.0
east r16,318.0,0.0
east r16,320.0,0.0
east r16,322.0,0.0
east r16,324.0,0.0
east r16,326.0,0.0
east r16,328.0,0.0
east r16,330.0,0.0
east r16,332.0,0.0
east r16,334.0,0.0
east r16,336.0,0.0
east r16,338.0,0.0
east r16,340.0,0.0
east r16,342.0,0.0
east r16,344.0,0.0
east r16,346.0,0.0
east r16,348.0,0.0
east r16,350.0,0.0
east r16,352.0,0.0
east r16,354.0,0.0
east r16,356.0,0.0
east r16,358.0,0.0
east r16,360.0,0.0
east r17,280.0,0.0
east r17,282.0,0.0
east r17,284.0,0.0
east r17,286.0,0.0
east r17,288.0,0.0
east r17,290.0,0.0
east r17,292.0,0.0
east r17,294.0,0.0
east r17,296.0,0.0
east r17,298.0,0.0
east r17,300.0,0.0
east r17,302.0,0.0
east r17,304.0,0.0
east r17,306.0,0.0
east r17,308.0,0.0
east r17,310.0,0.0
east r17,312.0,0.0
east r17,314.0,0.0
east r17,316.0,0.0
east r17,318.0,0.0
east r17,320.0,0.0
east r17,322.0,0.0
east r17,324.0,0.0
east r17,326.0,0.0
east r17,328.0,0.0
east r17,330.0,0.0
east r17,332.0,0.0
east r17,334.0,0.0
east r17,336.0,0.0
east r17,338.0,0.0
east r17,340.0,0.0
east r17,342.0,0.0
east r17,344.0,0.0
east r17,346.0,0.0
east r17,348.0,0.0
east r17,350.0,0.0
east r17,352.0,0.0
east r17,354.0,0.0
east r17,356.0,0.0
east r17,358.0,0.0
east r17,360.0,0.0
east r18,280.0,0.0
east r18,282.0,0.0
east r18,284.0,0.0
east r18,286.0,0.0
east r18,288.0,0.0
east r18,290.0,0.0
east r18,292.0,0.0
east r18,294.0,0.0
east r18,296.0,0.0
east r18,298.0,0.0
east r18,300.0,0.0
east r18,302.0,0.0
east r18,304.0,0.0
east r18,306.0,0.0
east r18,308.0,0.0
east r18,310.0,0.0
east r18,312.0,0.0
east r18,314.0,0.0
east r18,316.0,0.0
east r18,318.0,0.0
east r18,320.0,0.0
east r18,322.0,0.0
east r18,324.0,0.0
east r18,326.0,0.0
east r18,328.0,0.0
east r18,330.0,0.0
east r18,332.0,0.0
east r18,334.0,0.0
east r18,336.0,0.0
east r18,338.0,0.0
east r18,340.0,0.0
east r18,342.0,0.0
east r18,344.0,0.0
east r18,346.0,0.0
east r18,348.0,0.0
east r18,350.0,0.0
east r18,352.0,0.0
east r18,354.0,0.0
east r18,356.0,0.0
east r18,358.0,0.0
east r18,360.0,0.0
bend r1,280.0,100.0
bend r1,282.0,100.0
bend r1,284.0,100.0
bend r1,286.0,100.0
bend r1,288.0,100.0
bend r1,290.0,100.0
bend r1,292.0,100.0
bend r1,294.0,100.0
bend r1,296.0,100.0
bend r1,298.0,100.0
bend r1,300.0,100.0
bend r1,302.0,100.0
bend r1,304.0,100.0
bend r1,306.0,100.0
bend r1,308.0,100.0
bend r1,310.0,100.0
bend r1,312.0,100.0
bend r1,314.0,100.0
bend r1,316.0,100.0
bend r1,318.0,100.0
bend r1,320.0,100.0
bend r1,322.0,100.0
bend r1,324.0,100.0
bend r1,326.0,100.0
bend r1,328.0,100.0
bend r1,330.0,100.0
bend r1,332.0,100.0
bend r1,334.0,100.0
bend r1,336.0,100.0
bend r1,338.0,100.0
bend r1,340.0,100.0
bend r1,342.0,100.0
bend r1,344.0,100.0
bend r1,346.0,100.0
bend r1,348.0,100.0
bend r1,350.0,100.0
bend r1,352.0,100.0
bend r1,354.0,100.0
bend r1,356.0,100.0
bend r1,358.0,100.0
bend r1,360.0,100.0
bend r2,280.0,100.0
bend r2,282.0,100.0
bend r2,284.0,100.0
bend r2,286.0,100.0
bend r2,288.0,100.0
bend r2,290.0,100.0
bend r2,292.0,100.0
bend r2,294.0,100.0
bend r2,296.0,100.0
bend r2,298.0,100.0
bend r2,300.0,100.0
bend r2,302.0,100.0
bend r2,304.0,100.0
bend r2,306.0,100.0
bend r2,308.0,100.0
bend r2,310.0,100.0
bend r2,312.0,100.0
bend r2,314.0,100.0
bend r2,316.0,100.0
bend r2,318.0,100.0
bend r2,320.0,100.0
bend r2,322.0,100.0
bend r2,324.0,100.0
bend r2,326.0,100.0
bend r2,328.0,100.0
bend r2,330.0,100.0
bend r2,332.0,100.0
bend r2,334.0,100.0
bend r2,336.0,100.0
bend r2,338.0,100.0
bend r2,340.0,100.0
bend r2,342.0,100.0
bend r2,344.0,100.0
bend r2,346.0,100.0
bend r2,348.0,100.0
bend r2,350.0,100.0
bend r2,352.0,100.0
bend r2,354.0,100.0
bend r2,356.0,100.0
bend r2,358.0,100.0
bend r2,360.0,100.0
bend r3,280.0,100.0
bend r3,282.0,100.0
bend r3,284.0,100.0
bend r3,286.0,100.0
bend r3,288.0,100.0
bend r3,290.0,100.0
bend r3,292.0,100.0
bend r3,294.0,100.0
bend r3,296.0,100.0
bend r3,298.0,100.0
bend r3,300.0,100.0
bend r3,302.0,100.0
bend r3,304.0,100.0
bend r3,306.0,100.0
bend r3,308.0,100.0
bend r3,310.0,100.0
bend r3,312.0,100.0
bend r3,314.0,100.0
bend r3,316.0,100.0
bend r3,318.0,100.0
bend r3,320.0,100.0
bend r3,322.0,100.0
bend r3,324.0,100.0
bend r3,326.0,100.0
bend r3,328.0,100.0
bend r3,330.0,100.0
bend r3,332.0,100.0
bend r3,334.0,100.0
bend r3,336.0,100.0
bend r3,338.0,100.0
bend r3,340.0,100.0
bend r3,342.0,100.0
bend r3,344.0,100.0
bend r3,346.0,100.0
bend r3,348.0,100.0
bend r3,350.0,100.0
bend r3,352.0,100.0
bend r3,354.0,100.0
bend r3,356.0,100.0
bend r3,358.0,100.0
bend r3,360.0,100.0
bend r4,280.0,100.0
bend r4,282.0,100.0
bend r4,284.0,100.0
bend r4,286.0,100.0
bend r4,288.0,100.0
bend r4,290.0,100.0
bend r4,292.0,100.0
bend r4,294.0,100.0
bend r4,296.0,100.0
bend r4,298.0,100.0
bend r4,300.0,100.0
bend r4,302.0,100.0
bend r4,304.0,100.0
bend r4,306.0,100.0
bend r4,308.0,100.0
bend r4,310.0,100.0
bend r4,312.0,100.0
bend r4,314.0,100.0
bend r4,316.0,100.0
bend r4,318.0,100.0
bend r4,320.0,100.0
bend r4,322.0,100.0
bend r4,324.0,100.0
bend r4,326.0,100.0
bend r4,328.0,100.0
bend r4,330.0,100.0
bend r4,332.0,100.0
bend r4,334.0,100.0
bend r4,336.0,100.0
bend r4,338.0,100.0
bend r4,340.0,100.0
bend r4,342.0,100.0
bend r4,344.0,100.0
bend r4,346.0,100.0
bend r4,348.0,100.0
bend r4,350.0,100.0
bend r4,352.0,100.0
bend r4,354.0,100.0
bend r4,356.0,100.0
bend r4,358.0,100.0
bend r4,360.0,100.0
bend r6,280.0,100.0
bend r6,282.0,100.0
bend r6,284.0,100.0
bend r6,286.0,100.0
bend r6,288.0,100.0
bend r6,290.0,100.0
bend r6,292.0,100.0
bend r6,294.0,100.0
bend r6,296.0,66.7
bend r6,298.0,33.3
bend r6,300.0,0.0
bend r6,302.0,0.0
bend r6,304.0,0.0
bend r6,306.0,0.0
bend r6,308.0,0.0
bend r6,310.0,0.0
bend r6,312.0,0.0
bend r6,314.0,0.0
bend r6,316.0,0.0
bend r6,318.0,0.0
bend r6,320.0,0.0
bend r6,322.0,33.3
bend r6,324.0,33.3
bend r6,326.0,66.7
bend r6,328.0,100.0
bend r6,330.0,100.0
bend r6,332.0,100.0
bend r6,334.0,100.0
bend r6,336.0,100.0
bend r6,338.0,100.0
bend r6,340.0,100.0
bend r6,342.0,100.0
bend r6,344.0,100.0
bend r6,346.0,100.0
bend r6,348.0,100.0
bend r6,350.0,100.0
bend r6,352.0,100.0
bend r6,354.0,100.0
bend r6,356.0,100.0
bend r6,358.0,100.0
bend r6,360.0,100.0
bend r7,280.0,100.0
bend r7,282.0,100.0
bend r7,284.0,100.0
bend r7,286.0,100.0
bend r7,288.0,100.0
bend r7,290.0,66.7
bend r7,292.0,100.0
bend r7,294.0,33.3
bend r7,296.0,33.3
bend r7,298.0,0.0
bend r7,300.0,0.0
bend r7,302.0,0.0
bend r7,304.0,0.0
bend r7,306.0,0.0
bend r7,308.0,0.0
bend r7,310.0,0.0
bend r7,312.0,0.0
bend r7,314.0,0.0
bend r7,316.0,0.0
bend r7,318.0,0.0
bend r7,320.0,0.0
bend r7,322.0,0.0
bend r7,324.0,0.0
bend r7,326.0,0.0
bend r7,328.0,33.3
bend r7,330.0,66.7
bend r7,332.0,66.7
bend r7,334.0,100.0
bend r7,336.0,100.0
bend r7,338.0,100.0
bend r7,340.0,100.0
bend r7,342.0,100.0
bend r7,344.0,100.0
bend r7,346.0,100.0
bend r7,348.0,100.0
bend r7,350.0,100.0
bend r7,352.0,100.0
bend r7,354.0,100.0
bend r7,356.0,100.0
bend r7,358.0,100.0
bend r7,360.0,100.0
bend r8,280.0,100.0
bend r8,282.0,100.0
bend r8,284.0,100.0
bend r8,286.0,100.0
bend r8,288.0,100.0
bend r8,290.0,66.7
bend r8,292.0,66.7
bend r8,294.0,0.0
bend r8,296.0,0.0
bend r8,298.0,0.0
bend r8,300.0,0.0
bend r8,302.0,0.0
bend r8,304.0,0.0
bend r8,306.0,0.0
bend r8,308.0,0.0
bend r8,310.0,0.0
bend r8,312.0,0.0
bend r8,314.0,0.0
bend r8,316.0,0.0
bend r8,318.0,0.0
bend r8,320.0,0.0
bend r8,322.0,0.0
bend r8,324.0,0.0
bend r8,326.0,0.0
bend r8,328.0,0.0
bend r8,330.0,0.0
bend r8,332.0,33.3
bend r8,334.0,33.3
bend r8,336.0,66.7
bend r8,338.0,66.7
bend r8,340.0,100.0
bend r8,342.0,100.0
bend r8,344.0,100.0
bend r8,346.0,100.0
bend r8,348.0,100.0
bend r8,350.0,100.0
bend r8,352.0,100.0
bend r8,354.0,100.0
bend r8,356.0,100.0
bend r8,358.0,100.0
bend r8,360.0,100.0
bend r11,280.0,66.7
bend r11,282.0,0.0
bend r11,284.0,0.0
bend r11,286.0,0.0
bend r11,288.0,0.0
bend r11,290.0,0.0
bend r11,292.0,0.0
bend r11,294.0,0.0
bend r11,296.0,0.0
bend r11,298.0,0.0
bend r11,300.0,0.0
bend r11,302.0,0.0
bend r11,304.0,0.0
bend r11,306.0,0.0
bend r11,308.0,0.0
bend r11,310.0,0.0
bend r11,312.0,0.0
bend r11,314.0,0.0
bend r11,316.0,0.0
bend r11,318.0,0.0
bend r11,320.0,0.0
bend r11,322.0,0.0
bend r11,324.0,0.0
bend r11,326.0,0.0
bend r11,328.0,0.0
bend r11,330.0,0.0
bend r11,332.0,0.0
bend r11,334.0,0.0
bend r11,336.0,0.0
bend r11,338.0,0.0
bend r11,340.0,0.0
bend r11,342.0,0.0
bend r11,344.0,0.0
bend r11,346.0,0.0
bend r11,348.0,0.0
bend r11,350.0,0.0
bend r11,352.0,33.3
bend r11,354.0,33.3
bend r11,356.0,66.7
bend r11,358.0,100.0
bend r11,360.0,100.0
bend r12,280.0,0.0
bend r12,282.0,0.0
bend r12,284.0,0.0
bend r12,286.0,0.0
bend r12,288.0,0.0
bend r12,290.0,0.0
bend r12,292.0,0.0
bend r12,294.0,0.0
bend r12,296.0,0.0
bend r12,298.0,0.0
bend r12,300.0,0.0
bend r12,302.0,0.0
bend r12,304.0,0.0
bend r12,306.0,0.0
bend r12,308.0,0.0
bend r12,310.0,0.0
bend r12,312.0,0.0
bend r12,314.0,0.0
bend r12,316.0,0.0
bend r12,318.0,0.0
bend r12,320.0,0.0
bend r12,322.0,0.0
bend r12,324.0,0.0
bend r12,326.0,0.0
bend r12,328.0,0.0
bend r12,330.0,0.0
bend r12,332.0,0.0
bend r12,334.0,0.0
bend r12,336.0,0.0
bend r12,338.0,0.0
bend r12,340.0,0.0
bend r12,342.0,0.0
bend r12,344.0,0.0
bend r12,346.0,0.0
bend r12,348.0,0.0
bend r12,350.0,0.0
bend r12,352.0,0.0
bend r12,354.0,0.0
bend r12,356.0,0.0
bend r12,358.0,33.3
bend r12,360.0,33.3
bend r13,280.0,0.0
bend r13,282.0,0.0
bend r13,284.0,0.0
bend r13,286.0,0.0
bend r13,288.0,0.0
bend r13,290.0,0.0
bend r13,292.0,0.0
bend r13,294.0,0.0
bend r13,296.0,0.0
bend r13,298.0,0.0
bend r13,300.0,0.0
bend r13,302.0,0.0
bend r13,304.0,0.0
bend r13,306.0,0.0
bend r13,308.0,0.0
bend r13,310.0,0.0
bend r13,312.0,0.0
bend r13,314.0,0.0
bend r13,316.0,0.0
bend r13,318.0,0.0
bend r13,320.0,0.0
bend r13,322.0,0.0
bend r13,324.0,0.0
bend r13,326.0,0.0
bend r13,328.0,0.0
bend r13,330.0,0.0
bend r13,332.0,0.0
bend r13,334.0,0.0
bend r13,336.0,0.0
bend r13,338.0,0.0
bend r13,340.0,0.0
bend r13,342.0,0.0
bend r13,344.0,0.0
bend r13,346.0,0.0
bend r13,348.0,0.0
bend r13,350.0,0.0
bend r13,352.0,0.0
bend r13,354.0,0.0
bend r13,356.0,0.0
bend r13,358.0,0.0
bend r13,360.0,0.0
bend r14,280.0,0.0
bend r14,282.0,0.0
bend r14,284.0,0.0
bend r14,286.0,0.0
bend r14,288.0,0.0
bend r14,290.0,0.0
bend r14,292.0,0.0
bend r14,294.0,0.0
bend r14,296.0,0.0
bend r14,298.0,0.0
bend r14,300.0,0.0
bend r14,302.0,0.0
bend r14,304.0,0.0
bend r14,306.0,0.0
bend r14,308.0,0.0
bend r14,310.0,0.0
bend r14,312.0,0.0
bend r14,314.0,0.0
bend r14,316.0,0.0
bend r14,318.0,0.0
bend r14,320.0,0.0
bend r14,322.0,0.0
bend r14,324.0,0.0
bend r14,326.0,0.0
bend r14,328.0,0.0
bend r14,330.0,0.0
bend r14,332.0,0.0
bend r14,334.0,0.0
bend r14,336.0,0.0
bend r14,338.0,0.0
bend r14,340.0,0.0
bend r14,342.0,0.0
bend r14,344.0,0.0
bend r14,346.0,0.0
bend r14,348.0,0.0
bend r14,350.0,0.0
bend r14,352.0,0.0
bend r14,354.0,0.0
bend r14,356.0,0.0
bend r14,358.0,0.0
bend r14,360.0,0.0
bend r15,280.0,0.0
bend r15,282.0,0.0
bend r15,284.0,0.0
bend r15,286.0,0.0
bend r15,288.0,0.0
bend r15,290.0,0.0
bend r15,292.0,0.0
bend r15,294.0,0.0
bend r15,296.0,0.0
bend r15,298.0,0.0
bend r15,300.0,0.0
bend r15,302.0,0.0
bend r15,304.0,0.0
bend r15,306.0,0.0
bend r15,308.0,0.0
bend r15,310.0,0.0
bend r15,312.0,0.0
bend r15,314.0,0.0
bend r15,316.0,0.0
bend r15,318.0,0.0
bend r15,320.0,0.0
bend r15,322.0,0.0
bend r15,324.0,0.0
bend r15,326.0,0.0
bend r15,328.0,0.0
bend r15,330.0,0.0
bend r15,332.0,0.0
bend r15,334.0,0.0
bend r15,336.0,0.0
bend r15,338.0,0.0
bend r15,340.0,0.0
bend r15,342.0,0.0
bend r15,344.0,0.0
bend r15,346.0,0.0
bend r15,348.0,0.0
bend r15,350.0,0.0
bend r15,352.0,0.0
bend r15,354.0,0.0
bend r15,356.0,0.0
bend r15,358.0,0.0
bend r15,360.0,0.0
bend r16,280.0,0.0
bend r16,282.0,0.0
bend r16,284.0,0.0
bend r16,286.0,0.0
bend r16,288.0,0.0
bend r16,290.0,0.0
bend r16,292.0,0.0
bend r16,294.0,0.0
bend r16,296.0,0.0
bend r16,298.0,0.0
bend r16,300.0,0.0
bend r16,302.0,0.0
bend r16,304.0,0.0
bend r16,306.0,0.0
bend r16,308.0,0.0
bend r16,310.0,0.0
bend r16,312.0,0.0
bend r16,314.0,0.0
bend r16,316.0,0.0
bend r16,318.0,0.0
bend r16,320.0,0.0
bend r16,322.0,0.0
bend r16,324.0,0.0
bend r16,326.0,0.0
bend r16,328.0,0.0
bend r16,330.0,0.0
bend r16,332.0,0.0
bend r16,334.0,0.0
bend r16,336.0,0.0
bend r16,338.0,0.0
bend r16,340.0,0.0
bend r16,342.0,0.0
bend r16,344.0,0.0
bend r16,346.0,0.0
bend r16,348.0,0.0
bend r16,350.0,0.0
bend r16,352.0,0.0
bend r16,354.0,0.0
bend r16,356.0,0.0
bend r16,358.0,0.0
bend r16,360.0,0.0
bend r17,280.0,0.0
bend r17,282.0,0.0
bend r17,284.0,0.0
bend r17,286.0,0.0
bend r17,288.0,0.0
bend r17,290.0,0.0
bend r17,292.0,0.0
bend r17,294.0,0.0
bend r17,296.0,0.0
bend r17,298.0,0.0
bend r17,300.0,0.0
bend r17,302.0,0.0
bend r17,304.0,0.0
bend r17,306.0,0.0
bend r17,308.0,0.0
bend r17,310.0,0.0
bend r17,312.0,0.0
bend r17,314.0,0.0
bend r17,316.0,0.0
bend r17,318.0,0.0
bend r17,320.0,0.0
bend r17,322.0,0.0
bend r17,324.0,0.0
bend r17,326.0,0.0
bend r17,328.0,0.0
bend r17,330.0,0.0
bend r17,332.0,0.0
bend r17,334.0,0.0
bend r17,336.0,0.0
bend r17,338.0,0.0
bend r17,340.0,0.0
bend r17,342.0,0.0
bend r17,344.0,0.0
bend r17,346.0,0.0
bend r17,348.0,0.0
bend r17,350.0,0.0
bend r17,352.0,0.0
bend r17,354.0,0.0
bend r17,356.0,0.0
bend r17,358.0,0.0
bend r17,360.0,0.0
bend r18,280.0,0.0
bend r18,282.0,0.0
bend r18,284.0,0.0
bend r18,286.0,0.0
bend r18,288.0,0.0
bend r18,290.0,0.0
bend r18,292.0,0.0
bend r18,294.0,0.0
bend r18,296.0,0.0
bend r18,298.0,0.0
bend r18,300.0,0.0
bend r18,302.0,0.0
bend r18,304.0,0.0
bend r18,306.0,0.0
bend r18,308.0,0.0
bend r18,310.0,0.0
bend r18,312.0,0.0
bend r18,314.0,0.0
bend r18,316.0,0.0
bend r18,318.0,0.0
bend r18,320.0,0.0
bend r18,322.0,0.0
bend r18,324.0,0.0
bend r18,326.0,0.0
bend r18,328.0,0.0
bend r18,330.0,0.0
bend r18,332.0,0.0
bend r18,334.0,0.0
bend r18,336.0,0.0
bend r18,338.0,0.0
bend r18,340.0,0.0
bend r18,342.0,0.0
bend r18,344.0,0.0
bend r18,346.0,0.0
bend r18,348.0,0.0
bend r18,350.0,0.0
bend r18,352.0,0.0
bend r18,354.0,0.0
bend r18,356.0,0.0
bend r18,358.0,0.0
bend r18,360.0,0.0
south r1,280.0,100.0
south r1,282.0,100.0
south r1,284.0,100.0
south r1,286.0,100.0
south r1,288.0,100.0
south r1,290.0,100.0
south r1,292.0,100.0
south r1,294.0,100.0
south r1,296.0,100.0
south r1,298.0,100.0
south r1,300.0,100.0
south r1,302.0,100.0
south r1,304.0,100.0
south r1,306.0,100.0
south r1,308.0,100.0
south r1,310.0,100.0
south r1,312.0,100.0
south r1,314.0,100.0
south r1,316.0,100.0
south r1,318.0,100.0
south r1,320.0,100.0
south r1,322.0,100.0
south r1,324.0,100.0
south r1,326.0,100.0
south r1,328.0,100.0
south r1,330.0,100.0
south r1,332.0,100.0
south r1,334.0,100.0
south r1,336.0,100.0
south r1,338.0,100.0
south r1,340.0,100.0
south r1,342.0,100.0
south r1,344.0,100.0
south r1,346.0,100.0
south r1,348.0,100.0
south r1,350.0,100.0
south r1,352.0,100.0
south r1,354.0,100.0
south r1,356.0,100.0
south r1,358.0,100.0
south r1,360.0,100.0
south r2,280.0,100.0
south r2,282.0,100.0
south r2,284.0,100.0
south r2,286.0,100.0
south r2,288.0,100.0
south r2,290.0,100.0
south r2,292.0,100.0
south r2,294.0,100.0
south r2,296.0,100.0
south r2,298.0,100.0
south r2,300.0,100.0
south r2,302.0,100.0
south r2,304.0,100.0
south r2,306.0,100.0
south r2,308.0,100.0
south r2,310.0,100.0
south r2,312.0,100.0
south r2,314.0,100.0
south r2,316.0,100.0
south r2,318.0,100.0
south r2,320.0,100.0
south r2,322.0,100.0
south r2,324.0,100.0
south r2,326.0,100.0
south r2,328.0,100.0
south r2,330.0,100.0
south r2,332.0,100.0
south r2,334.0,100.0
south r2,336.0,100.0
south r2,338.0,100.0
south r2,340.0,100.0
south r2,342.0,100.0
south r2,344.0,100.0
south r2,346.0,100.0
south r2,348.0,100.0
south r2,350.0,100.0
south r2,352.0,100.0
south r2,354.0,100.0
south r2,356.0,100.0
south r2,358.0,100.0
south r2,360.0,100.0
south r3,280.0,100.0
south r3,282.0,100.0
south r3,284.0,100.0
south r3,286.0,100.0
south r3,288.0,100.0
south r3,290.0,100.0
south r3,292.0,100.0
south r3,294.0,100.0
south r3,296.0,100.0
south r3,298.0,100.0
south r3,300.0,100.0
south r3,302.0,100.0
south r3,304.0,100.0
south r3,306.0,100.0
south r3,308.0,100.0
south r3,310.0,100.0
south r3,312.0,100.0
south r3,314.0,100.0
south r3,316.0,100.0
south r3,318.0,100.0
south r3,320.0,100.0
south r3,322.0,100.0
south r3,324.0,100.0
south r3,326.0,100.0
south r3,328.0,100.0
south r3,330.0,100.0
south r3,332.0,100.0
south r3,334.0,100.0
south r3,336.0,100.0
south r3,338.0,100.0
south r3,340.0,100.0
south r3,342.0,100.0
south r3,344.0,100.0
south r3,346.0,100.0
south r3,348.0,100.0
south r3,350.0,100.0
south r3,352.0,100.0
south r3,354.0,100.0
south r3,356.0,100.0
south r3,358.0,100.0
south r3,360.0,100.0
south r4,280.0,100.0
south r4,282.0,100.0
south r4,284.0,100.0
south r4,286.0,100.0
south r4,288.0,100.0
south r4,290.0,100.0
south r4,292.0,100.0
south r4,294.0,100.0
south r4,296.0,100.0
south r4,298.0,100.0
south r4,300.0,100.0
south r4,302.0,100.0
south r4,304.0,100.0
south r4,306.0,100.0
south r4,308.0,100.0
south r4,310.0,100.0
south r4,312.0,100.0
south r4,314.0,100.0
south r4,316.0,100.0
south r4,318.0,100.0
south r4,320.0,100.0
south r4,322.0,100.0
south r4,324.0,100.0
south r4,326.0,100.0
south r4,328.0,100.0
south r4,330.0,100.0
south r4,332.0,100.0
south r4,334.0,100.0
south r4,336.0,100.0
south r4,338.0,100.0
south r4,340.0,100.0
south r4,342.0,100.0
south r4,344.0,100.0
south r4,346.0,100.0
south r4,348.0,100.0
south r4,350.0,100.0
south r4,352.0,100.0
south r4,354.0,100.0
south r4,356.0,100.0
south r4,358.0,100.0
south r4,360.0,100.0
south r6,280.0,100.0
south r6,282.0,100.0
south r6,284.0,100.0
south r6,286.0,100.0
south r6,288.0,100.0
south r6,290.0,100.0
south r6,292.0,100.0
south r6,294.0,100.0
south r6,296.0,100.0
south r6,298.0,100.0
south r6,300.0,100.0
south r6,302.0,100.0
south r6,304.0,66.7
south r6,306.0,33.3
south r6,308.0,33.3
south r6,310.0,0.0
south r6,312.0,0.0
south r6,314.0,0.0
south r6,316.0,0.0
south r6,318.0,0.0
south r6,320.0,0.0
south r6,322.0,0.0
south r6,324.0,0.0
south r6,326.0,0.0
south r6,328.0,0.0
south r6,330.0,0.0
south r6,332.0,0.0
south r6,334.0,0.0
south r6,336.0,0.0
south r6,338.0,33.3
south r6,340.0,33.3
south r6,342.0,66.7
south r6,344.0,66.7
south r6,346.0,100.0
south r6,348.0,100.0
south r6,350.0,100.0
south r6,352.0,100.0
south r6,354.0,100.0
south r6,356.0,100.0
south r6,358.0,100.0
south r6,360.0,100.0
south r7,280.0,100.0
south r7,282.0,100.0
south r7,284.0,100.0
south r7,286.0,100.0
south r7,288.0,100.0
south r7,290.0,100.0
south r7,292.0,100.0
south r7,294.0,100.0
south r7,296.0,100.0
south r7,298.0,66.7
south r7,300.0,66.7
south r7,302.0,66.7
south r7,304.0,33.3
south r7,306.0,0.0
south r7,308.0,0.0
south r7,310.0,0.0
south r7,312.0,0.0
south r7,314.0,0.0
south r7,316.0,0.0
south r7,318.0,0.0
south r7,320.0,0.0
south r7,322.0,0.0
south r7,324.0,0.0
south r7,326.0,0.0
south r7,328.0,0.0
south r7,330.0,0.0
south r7,332.0,0.0
south r7,334.0,0.0
south r7,336.0,0.0
south r7,338.0,0.0
south r7,340.0,0.0
south r7,342.0,0.0
south r7,344.0,33.3
south r7,346.0,33.3
south r7,348.0,66.7
south r7,350.0,66.7
south r7,352.0,100.0
south r7,354.0,100.0
south r7,356.0,100.0
south r7,358.0,100.0
south r7,360.0,100.0
south r8,280.0,100.0
south r8,282.0,100.0
south r8,284.0,100.0
south r8,286.0,100.0
south r8,288.0,100.0
south r8,290.0,100.0
south r8,292.0,100.0
south r8,294.0,100.0
south r8,296.0,66.7
south r8,298.0,33.3
south r8,300.0,0.0
south r8,302.0,0.0
south r8,304.0,0.0
south r8,306.0,0.0
south r8,308.0,0.0
south r8,310.0,0.0
south r8,312.0,0.0
south r8,314.0,0.0
south r8,316.0,0.0
south r8,318.0,0.0
south r8,320.0,0.0
south r8,322.0,0.0
south r8,324.0,0.0
south r8,326.0,0.0
south r8,328.0,0.0
south r8,330.0,0.0
south r8,332.0,0.0
south r8,334.0,0.0
south r8,336.0,0.0
south r8,338.0,0.0
south r8,340.0,0.0
south r8,342.0,0.0
south r8,344.0,0.0
south r8,346.0,0.0
south r8,348.0,0.0
south r8,350.0,33.3
south r8,352.0,33.3
south r8,354.0,66.7
south r8,356.0,66.7
south r8,358.0,100.0
south r8,360.0,100.0
south r11,280.0,66.7
south r11,282.0,100.0
south r11,284.0,33.3
south r11,286.0,33.3
south r11,288.0,0.0
south r11,290.0,0.0
south r11,292.0,0.0
south r11,294.0,0.0
south r11,296.0,0.0
south r11,298.0,0.0
south r11,300.0,0.0
south r11,302.0,0.0
south r11,304.0,0.0
south r11,306.0,0.0
south r11,308.0,0.0
south r11,310.0,0.0
south r11,312.0,0.0
south r11,314.0,0.0
south r11,316.0,0.0
south r11,318.0,0.0
south r11,320.0,0.0
south r11,322.0,0.0
south r11,324.0,0.0
south r11,326.0,0.0
south r11,328.0,0.0
south r11,330.0,0.0
south r11,332.0,0.0
south r11,334.0,0.0
south r11,336.0,0.0
south r11,338.0,0.0
south r11,340.0,0.0
south r11,342.0,0.0
south r11,344.0,0.0
south r11,346.0,0.0
south r11,348.0,0.0
south r11,350.0,0.0
south r11,352.0,0.0
south r11,354.0,0.0
south r11,356.0,0.0
south r11,358.0,0.0
south r11,360.0,0.0
south r12,280.0,0.0
south r12,282.0,33.3
south r12,284.0,0.0
south r12,286.0,0.0
south r12,288.0,0.0
south r12,290.0,0.0
south r12,292.0,0.0
south r12,294.0,0.0
south r12,296.0,0.0
south r12,298.0,0.0
south r12,300.0,0.0
south r12,302.0,0.0
south r12,304.0,0.0
south r12,306.0,0.0
south r12,308.0,0.0
south r12,310.0,0.0
south r12,312.0,0.0
south r12,314.0,0.0
south r12,316.0,0.0
south r12,318.0,0.0
south r12,320.0,0.0
south r12,322.0,0.0
south r12,324.0,0.0
south r12,326.0,0.0
south r12,328.0,0.0
south r12,330.0,0.0
south r12,332.0,0.0
south r12,334.0,0.0
south r12,336.0,0.0
south r12,338.0,0.0
south r12,340.0,0.0
south r12,342.0,0.0
south r12,344.0,0.0
south r12,346.0,0.0
south r12,348.0,0.0
south r12,350.0,0.0
south r12,352.0,0.0
south r12,354.0,0.0
south r12,356.0,0.0
south r12,358.0,0.0
south r12,360.0,0.0
south r13,280.0,0.0
south r13,282.0,0.0
south r13,284.0,0.0
south r13,286.0,0.0
south r13,288.0,0.0
south r13,290.0,0.0
south r13,292.0,0.0
south r13,294.0,0.0
south r13,296.0,0.0
south r13,298.0,0.0
south r13,300.0,0.0
south r13,302.0,0.0
south r13,304.0,0.0
south r13,306.0,0.0
south r13,308.0,0.0
south r13,310.0,0.0
south r13,312.0,0.0
south r13,314.0,0.0
south r13,316.0,0.0
south r13,318.0,0.0
south r13,320.0,0.0
south r13,322.0,0.0
south r13,324.0,0.0
south r13,326.0,0.0
south r13,328.0,0.0
south r13,330.0,0.0
south r13,332.0,0.0
south r13,334.0,0.0
south r13,336.0,0.0
south r13,338.0,0.0
south r13,340.0,0.0
south r13,342.0,0.0
south r13,344.0,0.0
south r13,346.0,0.0
south r13,348.0,0.0
south r13,350.0,0.0
south r13,352.0,0.0
south r13,354.0,0.0
south r13,356.0,0.0
south r13,358.0,0.0
south r13,360.0,0.0
south r14,280.0,0.0
south r14,282.0,0.0
south r14,284.0,0.0
south r14,286.0,0.0
south r14,288.0,0.0
south r14,290.0,0.0
south r14,292.0,0.0
south r14,294.0,0.0
south r14,296.0,0.0
south r14,298.0,0.0
south r14,300.0,0.0
south r14,302.0,0.0
south r14,304.0,0.0
south r14,306.0,0.0
south r14,308.0,0.0
south r14,310.0,0.0
south r14,312.0,0.0
south r14,314.0,0.0
south r14,316.0,0.0
south r14,318.0,0.0
south r14,320.0,0.0
south r14,322.0,0.0
south r14,324.0,0.0
south r14,326.0,0.0
south r14,328.0,0.0
south r14,330.0,0.0
south r14,332.0,0.0
south r14,334.0,0.0
south r14,336.0,0.0
south r14,338.0,0.0
south r14,340.0,0.0
south r14,342.0,0.0
south r14,344.0,0.0
south r14,346.0,0.0
south r14,348.0,0.0
south r14,350.0,0.0
south r14,352.0,0.0
south r14,354.0,0.0
south r14,356.0,0.0
south r14,358.0,0.0
south r14,360.0,0.0
south r15,280.0,0.0
south r15,282.0,0.0
south r15,284.0,0.0
south r15,286.0,0.0
south r15,288.0,0.0
south r15,290.0,0.0
south r15,292.0,0.0
south r15,294.0,0.0
south r15,296.0,0.0
south r15,298.0,0.0
south r15,300.0,0.0
south r15,302.0,0.0
south r15,304.0,0.0
south r15,306.0,0.0
south r15,308.0,0.0
south r15,310.0,0.0
south r15,312.0,0.0
south r15,314.0,0.0
south r15,316.0,0.0
south r15,318.0,0.0
south r15,320.0,0.0
south r15,322.0,0.0
south r15,324.0,0.0
south r15,326.0,0.0
south r15,328.0,0.0
south r15,330.0,0.0
south r15,332.0,0.0
south r15,334.0,0.0
south r15,336.0,0.0
south r15,338.0,0.0
south r15,340.0,0.0
south r15,342.0,0.0
south r15,344.0,0.0
south r15,346.0,0.0
south r15,348.0,0.0
south r15,350.0,0.0
south r15,352.0,0.0
south r15,354.0,0.0
south r15,356.0,0.0
south r15,358.0,0.0
south r15,360.0,0.0
south r16,280.0,0.0
south r16,282.0,0.0
south r16,284.0,0.0
south r16,286.0,0.0
south r16,288.0,0.0
south r16,290.0,0.0
south r16,292.0,0.0
south r16,294.0,0.0
south r16,296.0,0.0
south r16,298.0,0.0
south r16,300.0,0.0
south r16,302.0,0.0
south r16,304.0,0.0
south r16,306.0,0.0
south r16,308.0,0.0
south r16,310.0,0.0
south r16,312.0,0.0
south r16,314.0,0.0
south r16,316.0,0.0
south r16,318.0,0.0
south r16,320.0,0.0
south r16,322.0,0.0
south r16,324.0,0.0
south r16,326.0,0.0
south r16,328.0,0.0
south r16,330.0,0.0
south r16,332.0,0.0
south r16,334.0,0.0
south r16,336.0,0.0
south r16,338.0,0.0
south r16,340.0,0.0
south r16,342.0,0.0
south r16,344.0,0.0
south r16,346.0,0.0
south r16,348.0,0.0
south r16,350.0,0.0
south r16,352.0,0.0
south r16,354.0,0.0
south r16,356.0,0.0
south r16,358.0,0.0
south r16,360.0,0.0
south r17,280.0,0.0
south r17,282.0,0.0
south r17,284.0,0.0
south r17,286.0,0.0
south r17,288.0,0.0
south r17,290.0,0.0
south r17,292.0,0.0
south r17,294.0,0.0
south r17,296.0,0.0
south r17,298.0,0.0
south r17,300.0,0.0
south r17,302.0,0.0
south r17,304.0,0.0
south r17,306.0,0.0
south r17,308.0,0.0
south r17,310.0,0.0
south r17,312.0,0.0
south r17,314.0,0.0
south r17,316.0,0.0
south r17,318.0,0.0
south r17,320.0,0.0
south r17,322.0,0.0
south r17,324.0,0.0
south r17,326.0,0.0
south r17,328.0,0.0
south r17,330.0,0.0
south r17,332.0,0.0
south r17,334.0,0.0
south r17,336.0,0.0
south r17,338.0,0.0
south r17,340.0,0.0
south r17,342.0,0.0
south r17,344.0,0.0
south r17,346.0,0.0
south r17,348.0,0.0
south r17,350.0,0.0
south r17,352.0,0.0
south r17,354.0,0.0
south r17,356.0,0.0
south r17,358.0,0.0
south r17,360.0,0.0
south r18,280.0,0.0
south r18,282.0,0.0
south r18,284.0,0.0
south r18,286.0,0.0
south r18,288.0,0.0
south r18,290.0,0.0
south r18,292.0,0.0
south r18,294.0,0.0
south r18,296.0,0.0
south r18,298.0,0.0
south r18,300.0,0.0
south r18,302.0,0.0
south r18,304.0,0.0
south r18,306.0,0.0
south r18,308.0,0.0
south r18,310.0,0.0
south r18,312.0,0.0
south r18,314.0,0.0
south r18,316.0,0.0
south r18,318.0,0.0
south r18,320.0,0.0
south r18,322.0,0.0
south r18,324.0,0.0
south r18,326.0,0.0
south r18,328.0,0.0
south r18,330.0,0.0
south r18,332.0,0.0
south r18,334.0,0.0
south r18,336.0,0.0
south r18,338.0,0.0
south r18,340.0,0.0
south r18,342.0,0.0
south r18,344.0,0.0
south r18,346.0,0.0
south r18,348.0,0.0
south r18,350.0,0.0
south r18,352.0,0.0
south r18,354.0,0.0
south r18,356.0,0.0
south r18,358.0,0.0
south r18,360.0,0.0
